-- phpMyAdmin SQL Dump
-- version 4.6.4
-- https://www.phpmyadmin.net/
--
-- Host: 127.0.0.1
-- Generation Time: Jan 02, 2018 at 07:06 AM
-- Server version: 5.7.14
-- PHP Version: 5.6.25

SET SQL_MODE = "NO_AUTO_VALUE_ON_ZERO";
SET time_zone = "+00:00";


/*!40101 SET @OLD_CHARACTER_SET_CLIENT=@@CHARACTER_SET_CLIENT */;
/*!40101 SET @OLD_CHARACTER_SET_RESULTS=@@CHARACTER_SET_RESULTS */;
/*!40101 SET @OLD_COLLATION_CONNECTION=@@COLLATION_CONNECTION */;
/*!40101 SET NAMES utf8mb4 */;

--
-- Database: `automark`
--

-- --------------------------------------------------------

--
-- Table structure for table `access`
--

CREATE TABLE `access` (
  `id_a` int(11) NOT NULL,
  `name_a` varchar(100) CHARACTER SET latin1 NOT NULL,
  `option_a` text CHARACTER SET latin1 NOT NULL,
  `section_a` varchar(40) CHARACTER SET latin1 NOT NULL,
  `marka_a` varchar(40) CHARACTER SET latin1 NOT NULL,
  `color_a` varchar(40) CHARACTER SET latin1 NOT NULL,
  `price_a` varchar(40) CHARACTER SET latin1 NOT NULL,
  `country_a` int(11) NOT NULL,
  `city_a` int(11) NOT NULL,
  `special_a` text CHARACTER SET latin1 NOT NULL,
  `images_a` text CHARACTER SET latin1 NOT NULL,
  `date_a` date NOT NULL,
  `act_a` int(11) NOT NULL,
  `vzt_a` int(11) NOT NULL
) ENGINE=InnoDB DEFAULT CHARSET=utf8 COLLATE=utf8_unicode_ci;

--
-- Dumping data for table `access`
--

INSERT INTO `access` (`id_a`, `name_a`, `option_a`, `section_a`, `marka_a`, `color_a`, `price_a`, `country_a`, `city_a`, `special_a`, `images_a`, `date_a`, `act_a`, `vzt_a`) VALUES
(2, 'spssee', '{"mobile":"34563456"}', 'Ø§Ø³Ù… Ø§Ù„Ù‚Ø³Ù… Ø§Ù„Ø«Ø§Ù†Ù‰', 'Ø§Ø³Ù… Ø§Ù„Ù…Ø§Ø±ÙƒØ© 4', 'Ø§Ø®Ø¶Ø±', '66666', 8, 0, '["\\u0645\\u0648\\u0627\\u0635\\u0641\\u0627\\u062a 2","\\u0645\\u0648\\u0627\\u0635\\u0641\\u0627\\u062a 4","\\u0645\\u0648\\u0627\\u0635\\u0641\\u0627\\u062a 5"]', '["upl_53bed594953c0.png","upl_53bed59a2dc4f.jpg","upl_53bed5a252184.jpg","upl_53bf01a585010.jpg"]', '2014-07-10', 1, 15),
(3, 'Ø³Ø´ÙŠØ¨Ø´Ø³ÙŠØ¨Ø´Ø³ÙŠØ¨', '{"mobile":"sfggf"}', 'Ø§Ø³Ù… Ø§Ù„Ù‚Ø³Ù… Ø§Ù„Ø«Ø§Ù†Ù‰', 'Ø§Ø³Ù… Ø§Ù„Ù…Ø§Ø±ÙƒØ©2', 'Ø§Ø­Ù…Ø±', '34123', 1, 5, '["\\u0645\\u0648\\u0627\\u0635\\u0641\\u0627\\u062a 5"]', '', '2014-07-18', 1, 8),
(4, 'Ø³ÙŠØ¨Ø´Ø³ÙŠØ¨', '{"mobile":"4563456"}', 'Ø§Ø³Ù… Ø§Ù„Ù‚Ø³Ù… Ø§Ù„Ø§ÙˆÙ„', '', '', '0', 0, 0, '["\\u0645\\u0648\\u0627\\u0635\\u0641\\u0627\\u062a 5"]', '', '2014-07-18', 1, 0),
(5, 'saad', '{"mobile":"76746546","email":"lfksflkas@emailwerqwerqwe\\u0633\\u0639\\u062f"}', 'Ø§Ø³Ù… Ø§Ù„Ù‚Ø³Ù… Ø§Ù„Ø«Ø§Ù†Ù‰', 'Ø§Ø³Ù… Ø§Ù„Ù…Ø§Ø±ÙƒØ© 3', 'Ø§ØµÙØ±', '0', 8, 0, '["\\u0645\\u0648\\u0627\\u0635\\u0641\\u0627\\u062a 5"]', '', '2014-07-19', 1, 0);

-- --------------------------------------------------------

--
-- Table structure for table `cars`
--

CREATE TABLE `cars` (
  `id_c` int(11) NOT NULL,
  `title_c` varchar(150) NOT NULL,
  `type_c` int(11) NOT NULL,
  `model_c` int(11) NOT NULL,
  `category_c` int(11) NOT NULL,
  `year_c` int(11) NOT NULL,
  `color_c` varchar(30) NOT NULL,
  `odometer_c` varchar(50) NOT NULL,
  `transmission_c` varchar(30) NOT NULL,
  `status_c` varchar(30) NOT NULL,
  `body_c` varchar(30) NOT NULL,
  `form_c` varchar(30) NOT NULL,
  `price_c` varchar(20) NOT NULL,
  `Country_c` int(11) NOT NULL,
  `city_c` int(11) NOT NULL,
  `features_c` int(11) NOT NULL,
  `images_c` mediumtext NOT NULL,
  `type_ads_c` varchar(30) NOT NULL,
  `shows_c` int(11) NOT NULL,
  `description_c` text NOT NULL,
  `special_c` longtext NOT NULL,
  `dateadd_c` date NOT NULL,
  `end_c` int(11) NOT NULL,
  `id_user` int(11) NOT NULL,
  `act_c` int(11) NOT NULL,
  `vzt_c` int(11) NOT NULL
) ENGINE=InnoDB DEFAULT CHARSET=latin1;

--
-- Dumping data for table `cars`
--

INSERT INTO `cars` (`id_c`, `title_c`, `type_c`, `model_c`, `category_c`, `year_c`, `color_c`, `odometer_c`, `transmission_c`, `status_c`, `body_c`, `form_c`, `price_c`, `Country_c`, `city_c`, `features_c`, `images_c`, `type_ads_c`, `shows_c`, `description_c`, `special_c`, `dateadd_c`, `end_c`, `id_user`, `act_c`, `vzt_c`) VALUES
(49, 'Ù‡ÙˆÙ†Ø¯Ø§ÙŠ Ø¥Ù„Ù†ØªØ±Ø§ 2015', 30, 130, 1, 2015, '', '', '', '3', '', '', '18000', 1, 18, 1, '["upl_58e519ab63fe0.jpg","upl_58e519b261148.jpg","upl_58e519b9c6c97.jpg","upl_58e519bf86237.jpg"]', '', 5, 'ÙŠÙˆØ¬Ø¯ Ø¨Ù‡Ø§ Ø­ÙƒÙ‡ ÙÙŠ Ø¨Ø§Ø¨ Ø§Ù„Ø±Ø§ÙƒØ¨ Ø§Ù„Ø®Ù„ÙÙŠ ÙŠÙ…ÙŠÙ†', '', '2017-04-05', 1494001351, 28, 1, 52),
(50, 'Ø§ÙƒÙˆØ±Ø¯ 2004', 51, 172, 1, 2004, '', '', '', '3', '', '', '15000', 1, 18, 1, '["upl_58e51e8b6c940.jpg"]', '', 5, 'Ø³Ø¨ÙŠØ´Ø§Ù„ +Ø´Ø§Ø´Ù‡+ ÙƒØ´Ø§ÙØ§Øª ', '', '2017-04-05', 1494002622, 32, 1, 250),
(51, 'Ù‡ÙˆÙ†Ø¯Ø§ÙŠ Ø¥Ù„Ù†ØªØ±Ø§ 2015', 30, 130, 1, 2015, '', '', '', '3', '', '', '18000', 1, 18, 1, '["upl_58e519ab63fe0.jpg","upl_58e519b261148.jpg","upl_58e519b9c6c97.jpg","upl_58e519bf86237.jpg"]', '', 5, 'ÙŠÙˆØ¬Ø¯ Ø¨Ù‡Ø§ Ø­ÙƒÙ‡ ÙÙŠ Ø¨Ø§Ø¨ Ø§Ù„Ø±Ø§ÙƒØ¨ Ø§Ù„Ø®Ù„ÙÙŠ ÙŠÙ…ÙŠÙ†', '', '2017-04-05', 1494001351, 28, 1, 53),
(52, 'Ø§ÙƒÙˆØ±Ø¯ 2004', 51, 172, 1, 2004, '', '', '', '3', '', '', '15000', 1, 18, 1, '["upl_58e51e8b6c940.jpg"]', '', 5, 'Ø³Ø¨ÙŠØ´Ø§Ù„ +Ø´Ø§Ø´Ù‡+ ÙƒØ´Ø§ÙØ§Øª ', '', '2017-04-05', 1494002622, 32, 1, 84),
(53, 'Ø§ÙƒÙˆØ±Ø¯ 2004', 51, 172, 1, 2004, '', '', '', '3', '', '', '15000', 1, 18, 1, '["upl_58e51e8b6c940.jpg"]', '', 7, 'Ø³Ø¨ÙŠØ´Ø§Ù„ +Ø´Ø§Ø´Ù‡+ ÙƒØ´Ø§ÙØ§Øª ', '', '2017-04-05', 1494002622, 32, 1, 60),
(54, 'Ù‡ÙˆÙ†Ø¯Ø§ÙŠ Ø¥Ù„Ù†ØªØ±Ø§ 2015', 30, 130, 1, 2015, '', '', '', '3', '', '', '18000', 1, 18, 1, '["upl_58e51e8b6c940.jpg"]', '', 7, 'ÙŠÙˆØ¬Ø¯ Ø¨Ù‡Ø§ Ø­ÙƒÙ‡ ÙÙŠ Ø¨Ø§Ø¨ Ø§Ù„Ø±Ø§ÙƒØ¨ Ø§Ù„Ø®Ù„ÙÙŠ ÙŠÙ…ÙŠÙ†', '', '2017-04-05', 1494001351, 32, 1, 61),
(55, 'Ù‡ÙˆÙ†Ø¯Ø§ÙŠ Ø¥Ù„Ù†ØªØ±Ø§ 2015', 30, 130, 1, 2015, '', '', '', '3', '', '', '18000', 1, 18, 1, '["upl_58e519ab63fe0.jpg","upl_58e519b261148.jpg","upl_58e519b9c6c97.jpg","upl_58e519bf86237.jpg"]', '', 7, 'ÙŠÙˆØ¬Ø¯ Ø¨Ù‡Ø§ Ø­ÙƒÙ‡ ÙÙŠ Ø¨Ø§Ø¨ Ø§Ù„Ø±Ø§ÙƒØ¨ Ø§Ù„Ø®Ù„ÙÙŠ ÙŠÙ…ÙŠÙ†', '', '2017-04-05', 1494001351, 28, 1, 57),
(56, 'Ù„ÙˆØ­Ø© Ø³ÙŠØ§Ø±Ø§Ø© Ù…Ù…ÙŠØ²', 0, 0, 2, 0, '', '', '', '3', '', '', '30000', 1, 0, 1, '["upl_59daf763a7aec.png"]', '', 7, 'Ù„ÙˆØ­Ø© Ø³ÙŠØ§Ø±Ø§Ø© Ù…Ù…ÙŠØ² Ù„ÙˆØ­Ø© Ø³ÙŠØ§Ø±Ø§Ø© Ù…Ù…ÙŠØ² Ù„ÙˆØ­Ø© Ø³ÙŠØ§Ø±Ø§Ø© Ù…Ù…ÙŠØ² Ù„ÙˆØ­Ø© Ø³ÙŠØ§Ø±Ø§Ø© Ù…Ù…ÙŠØ² ', '', '2017-10-09', 1510114418, 23, 1, 3),
(57, 'Ø±Ù‚Ù… Ø¬ÙˆØ§Ù„ Ù…Ù…ÙŠØ² ', 0, 0, 3, 0, '', '', '', '3', '', '', '99', 1, 0, 1, '["upl_59dc045138661.png"]', '', 7, 'ØªØ¬Ø±Ø¨Ø© Ù‡Ù†Ø§ ØªØ¬Ø±Ø¨Ø© Ù‡Ù†Ø§ ØªØ¬Ø±Ø¨Ø© Ù‡Ù†Ø§ ØªØ¬Ø±Ø¨Ø© Ù‡Ù†Ø§ ØªØ¬Ø±Ø¨Ø© Ù‡Ù†Ø§ ØªØ¬Ø±Ø¨Ø© Ù‡Ù†Ø§ ØªØ¬Ø±Ø¨Ø© Ù‡Ù†Ø§ ØªØ¬Ø±Ø¨Ø© Ù‡Ù†Ø§ ', '', '2017-10-10', 1510183264, 23, 1, 4),
(58, 'Ø¯Ø±Ø§Ø¬Ø© Ù†Ø§Ø±ÙŠØ©', 0, 0, 4, 2017, '', '', '', '3', '', '', '2233', 1, 50, 1, '', '', 7, 'ØªØ¬Ø±Ø¨Ø© Ù‡Ù†Ø§ ØªØ¬Ø±Ø¨Ø© Ù‡Ù†Ø§ ØªØ¬Ø±Ø¨Ø© Ù‡Ù†Ø§ ØªØ¬Ø±Ø¨Ø© Ù‡Ù†Ø§ ØªØ¬Ø±Ø¨Ø© Ù‡Ù†Ø§ ', '', '2017-10-10', 1510183770, 23, 1, 23);

-- --------------------------------------------------------

--
-- Table structure for table `cars_meta`
--

CREATE TABLE `cars_meta` (
  `id_m` int(11) NOT NULL,
  `id_cars_m` int(11) NOT NULL,
  `code_m` varchar(100) NOT NULL,
  `value_m` longtext NOT NULL
) ENGINE=InnoDB DEFAULT CHARSET=latin1;

--
-- Dumping data for table `cars_meta`
--

INSERT INTO `cars_meta` (`id_m`, `id_cars_m`, `code_m`, `value_m`) VALUES
(1, 24, 'color_c', 'assas'),
(2, 24, 'mobile_c', ''),
(3, 24, '32141234', '15'),
(4, 24, 'sdfasw', '18'),
(5, 24, 'sdfas', '["19"]'),
(6, 24, 'features', 'on'),
(7, 24, 'hjh', '["21"]'),
(8, 25, 'color_c', 'Ø´Ø³ÙŠØ´Ø³ÙŠ'),
(9, 25, 'mobile_c', '["upl_54da11b69fbe1.jpg","upl_54da11be44a3a.png"]'),
(10, 25, '32141234', '15'),
(11, 25, 'sdfasw', '17'),
(12, 25, 'sdfas', '["19","20"]'),
(13, 25, 'features', 'on'),
(14, 25, 'hjh', '["21","22"]'),
(15, 28, 'modelcar', '36'),
(16, 28, 'city', '12'),
(47, 29, 'color', '3'),
(48, 29, 'distance', '22222'),
(53, 30, 'color', '1'),
(54, 30, 'distance', '22222222'),
(151, 31, 'case', '7'),
(152, 31, 'color', '3'),
(153, 31, 'transmission', '5'),
(154, 31, 'Outside', '14'),
(155, 31, 'distance', '666666'),
(156, 31, 'specifications', 'dfgsf'),
(187, 32, 'case', '9'),
(188, 32, 'color', '2'),
(189, 32, 'transmission', '4'),
(190, 32, 'Outside', '15'),
(191, 32, 'distance', '44444'),
(192, 32, 'specifications', 'skfghskdfjh'),
(199, 33, 'case', '6'),
(200, 33, 'color', '1'),
(201, 33, 'transmission', '4'),
(202, 33, 'Outside', '11'),
(203, 33, 'distance', '4444'),
(204, 33, 'specifications', 'sadfas'),
(205, 34, 'case', '6'),
(206, 34, 'color', '1'),
(207, 34, 'transmission', '4'),
(208, 34, 'Outside', '10'),
(209, 34, 'distance', '23423'),
(210, 34, 'specifications', '234'),
(211, 35, 'case', '6'),
(212, 35, 'color', '2'),
(213, 35, 'transmission', '4'),
(214, 35, 'Outside', '14'),
(215, 35, 'distance', '352345'),
(216, 35, 'specifications', 'sfg'),
(223, 36, 'case', '6'),
(224, 36, 'color', '1'),
(225, 36, 'transmission', '4'),
(226, 36, 'Outside', '10'),
(227, 36, 'distance', ''),
(228, 36, 'specifications', ''),
(229, 26, 'case', '6'),
(230, 26, 'specifications', 'sdgs'),
(297, 39, 'case', '8'),
(298, 39, 'color', '1'),
(299, 39, 'transmission', '4'),
(300, 39, 'Outside', '11'),
(301, 39, 'distance', '12'),
(302, 39, 'specifications', 'jkhgjkØªØ¨Ù„Ø§ØªØ¨Ù„Ø§ØªØ¨Ù„Ø§Øª'),
(321, 41, 'case', '6'),
(322, 41, 'color', '20'),
(323, 41, 'transmission', '5'),
(324, 41, 'Outside', '13'),
(325, 41, 'distance', '206000'),
(326, 41, 'specifications', 'Ù†ÙŠØ³Ø§Ù† Ø§Ù„ØªÙŠÙ…Ø§ Ø®Ù„ÙŠØ¬ÙŠ Ø±Ù‚Ù… 2 Ø£Ø±Ø¨Ø¹Ø© Ø³Ù„Ù†Ø¯Ø± ØªÙ… Ø¹Ù…Ù„ Ø³ÙŠØ±ÙØ³ ÙƒØ§Ù…Ù„ Ù„Ù„Ø³ÙŠØ§Ø±Ø© ÙˆØªÙ… ØªØ¨Ø¯ÙŠÙ„ Ø¬Ù…ÙŠØ¹ Ø§Ù„Ù‚Ø·Ø¹ Ø§Ù„Ù…Ø³ØªÙ‡Ù„ÙƒØ©.\r\nØ±Ù†Ø¬Ø§ØªØŒ CD ØŒ Ø£Ø¶ÙˆØ§Ø¡ Ø¶Ø¨Ø§Ø¨'),
(421, 37, 'case', '7'),
(422, 37, 'specifications', 'fghjf'),
(423, 43, 'case', '6'),
(424, 43, 'color', '20'),
(425, 43, 'transmission', '5'),
(426, 43, 'Outside', '12'),
(427, 43, 'distance', ''),
(428, 43, 'specifications', ''),
(429, 42, 'case', '7'),
(430, 42, 'color', '20'),
(431, 42, 'transmission', '5'),
(432, 42, 'Outside', '12'),
(433, 42, 'distance', '162000'),
(434, 42, 'specifications', ''),
(435, 40, 'case', '6'),
(436, 40, 'color', '20'),
(437, 40, 'transmission', '5'),
(438, 40, 'Outside', '13'),
(439, 40, 'distance', '2006000'),
(440, 40, 'specifications', 'Ù†ÙŠØ³Ø§Ù† Ø§Ù„ØªÙŠÙ…Ø§ Ø®Ù„ÙŠØ¬ÙŠ Ø±Ù‚Ù… 2 Ø£Ø±Ø¨Ø¹Ø© Ø³Ù„Ù†Ø¯Ø± ØªÙ… Ø¹Ù…Ù„ Ø³ÙŠØ±ÙØ³ ÙƒØ§Ù…Ù„ Ù„Ù„Ø³ÙŠØ§Ø±Ø© ÙˆØªÙ… ØªØ¨Ø¯ÙŠÙ„ Ø¬Ù…ÙŠØ¹ Ø§Ù„Ù‚Ø·Ø¹ Ø§Ù„Ù…Ø³ØªÙ‡Ù„ÙƒØ©.\r\nØ±Ù†Ø¬Ø§ØªØŒ CD ØŒ Ø£Ø¶ÙˆØ§Ø¡ Ø¶Ø¨Ø§Ø¨'),
(441, 38, 'case', '7'),
(442, 38, 'specifications', 'ghjfgh'),
(461, 45, 'case', '6'),
(462, 45, 'color', '1'),
(463, 45, 'transmission', '4'),
(464, 45, 'Outside', '11'),
(465, 45, 'distance', '100000'),
(466, 45, 'specifications', 'Ù…ÙˆØ§ØµÙØ§Øª Ø§Ø¶Ø§ÙÙŠØ© Ù‡Ù†Ø§'),
(487, 44, 'case', '6'),
(488, 44, 'color', '1'),
(489, 44, 'transmission', '4'),
(490, 44, 'Outside', '12'),
(491, 44, 'conditioner', '53'),
(492, 44, 'sunroof', '32'),
(493, 44, 'fuel', '35'),
(494, 44, 'supplier', '37'),
(495, 44, 'endestmara', 'Ø´Ù‡Ø± Ù…Ø§Ø±Ø³ 2019'),
(496, 44, 'periodic_inspection', '40'),
(497, 44, 'badi_case', '43'),
(498, 44, 'stat_mator', '44'),
(499, 44, 'stat_transmission', '47'),
(500, 44, 'muscle_condition', '50'),
(501, 44, 'alfarsh', 'Ø¬Ù„Ø¯'),
(502, 44, 'colorinter', 'Ø§Ø­Ù…Ø±'),
(503, 44, 'motive', '25'),
(504, 44, 'claas_car', '23'),
(505, 44, 'distance', '1000'),
(506, 44, 'specifications', 'ØªØ¬Ø±Ø¨Ø© ØªØ¬Ø±Ø¨Ø© ØªØ¬Ø±Ø¨Ø© ØªØ¬Ø±Ø¨Ø© ØªØ¬Ø±Ø¨Ø© ØªØ¬Ø±Ø¨Ø© ØªØ¬Ø±Ø¨Ø© ØªØ¬Ø±Ø¨Ø© ØªØ¬Ø±Ø¨Ø© '),
(507, 46, 'case', '6'),
(508, 46, 'color', '19'),
(509, 46, 'transmission', '5'),
(510, 46, 'Outside', '13'),
(511, 46, 'fuel', '34'),
(512, 46, 'sunroof', '33'),
(513, 46, 'supplier', '36'),
(514, 46, 'endestmara', '24/5/1436'),
(515, 46, 'periodic_inspection', '39'),
(516, 46, 'badi_case', '41'),
(517, 46, 'stat_mator', '44'),
(518, 46, 'stat_transmission', '47'),
(519, 46, 'muscle_condition', '50'),
(520, 46, 'conditioner', '53'),
(521, 46, 'alfarsh', 'Ø¬Ù„Ø¯'),
(522, 46, 'colorinter', 'Ø§Ø­Ù…Ø±'),
(523, 46, 'motive', '25'),
(524, 46, 'claas_car', ''),
(525, 46, 'distance', '90000'),
(526, 46, 'numberselender', '58'),
(527, 46, 'specifications', ''),
(528, 47, 'type_lo7a', '60'),
(529, 47, 'specifications', 'ØªØ¬Ø±Ø¨Ø© ØªØ¬Ø±Ø¨Ø© ØªØ¬Ø±Ø¨Ø© ØªØ¬Ø±Ø¨Ø© ØªØ¬Ø±Ø¨Ø© ØªØ¬Ø±Ø¨Ø© ØªØ¬Ø±Ø¨Ø© ØªØ¬Ø±Ø¨Ø© ØªØ¬Ø±Ø¨Ø© ØªØ¬Ø±Ø¨Ø© ØªØ¬Ø±Ø¨Ø© '),
(530, 48, 'case', '6'),
(531, 48, 'color', '19'),
(532, 48, 'transmission', '5'),
(533, 48, 'Outside', '14'),
(534, 48, 'fuel', '34'),
(535, 48, 'sunroof', '33'),
(536, 48, 'supplier', '36'),
(537, 48, 'endestmara', '24/5/1436'),
(538, 48, 'periodic_inspection', '39'),
(539, 48, 'badi_case', '41'),
(540, 48, 'stat_mator', '44'),
(541, 48, 'stat_transmission', '47'),
(542, 48, 'muscle_condition', '50'),
(543, 48, 'conditioner', '53'),
(544, 48, 'alfarsh', 'Ø¬Ù„Ø¯'),
(545, 48, 'colorinter', 'Ø§Ø­Ù…Ø± '),
(546, 48, 'motive', '25'),
(547, 48, 'claas_car', ''),
(548, 48, 'distance', ''),
(549, 48, 'numberselender', '58'),
(550, 48, 'specifications', ''),
(551, 49, 'case', '6'),
(552, 49, 'color', '19'),
(553, 49, 'transmission', '5'),
(554, 49, 'Outside', '13'),
(555, 49, 'fuel', '34'),
(556, 49, 'sunroof', '31'),
(557, 49, 'supplier', '36'),
(558, 49, 'endestmara', 'Ø¬Ø¯ÙŠØ¯Ù‡'),
(559, 49, 'periodic_inspection', '39'),
(560, 49, 'badi_case', '41'),
(561, 49, 'stat_mator', '44'),
(562, 49, 'stat_transmission', '47'),
(563, 49, 'muscle_condition', '50'),
(564, 49, 'conditioner', '54'),
(565, 49, 'alfarsh', 'Ù‚Ù…Ø§Ø´'),
(566, 49, 'colorinter', 'Ø¨ÙŠØ¬'),
(567, 49, 'motive', '25'),
(568, 49, 'claas_car', ''),
(569, 49, 'distance', '68930'),
(570, 49, 'numberselender', '58'),
(571, 49, 'specifications', 'Ù‚Ø²Ø§Ø² ÙƒÙ‡Ø±Ø¨Ø§Ø¡ ÙˆØªØ­ÙƒÙ… ÙƒÙ‡Ø±Ø¨Ø§Ø¡ Ø¨Ø§Ù„Ù…Ø±Ø§ÙŠØ§Øª Ø§Ù„Ø¬Ø§Ù†Ø¨ÙŠØ©'),
(572, 50, 'case', '7'),
(573, 50, 'color', ''),
(574, 50, 'transmission', '5'),
(575, 50, 'Outside', '13'),
(576, 50, 'fuel', '34'),
(577, 50, 'sunroof', '32'),
(578, 50, 'supplier', '36'),
(579, 50, 'endestmara', '1437'),
(580, 50, 'periodic_inspection', '40'),
(581, 50, 'badi_case', '43'),
(582, 50, 'stat_mator', '44'),
(583, 50, 'stat_transmission', '48'),
(584, 50, 'muscle_condition', '50'),
(585, 50, 'conditioner', '53'),
(586, 50, 'alfarsh', 'Ù…Ø®Ù…Ù„'),
(587, 50, 'colorinter', 'Ø±ØµØ§ØµÙŠ'),
(588, 50, 'motive', '25'),
(589, 50, 'claas_car', ''),
(590, 50, 'distance', '460000'),
(591, 50, 'numberselender', '58'),
(592, 50, 'specifications', 'Ø§Ù„Ø§Ø±Ø¨Ø§Ù‚ Ø·Ù„Ø¹ Ø¨Ø³Ø¨Ø¨ ØµØ¯Ù…Ù‡ Ø¨Ø³ÙŠØ·Ù‡ ÙÙŠ Ø§Ù„ØµØ¯Ø§Ù… Ø§Ù„Ø§Ù…Ø§Ù…ÙŠ '),
(593, 51, 'case', '6'),
(594, 51, 'color', '63'),
(595, 51, 'transmission', '5'),
(596, 51, 'Outside', '13'),
(597, 51, 'fuel', '34'),
(598, 51, 'sunroof', '31'),
(599, 51, 'supplier', '36'),
(600, 51, 'endestmara', '12-12-1438'),
(601, 51, 'periodic_inspection', '39'),
(602, 51, 'badi_case', '41'),
(603, 51, 'stat_mator', '44'),
(604, 51, 'stat_transmission', '47'),
(605, 51, 'muscle_condition', '50'),
(606, 51, 'conditioner', '55'),
(607, 51, 'alfarsh', 'Ù…Ø®Ù…Ù„'),
(608, 51, 'colorinter', 'Ø¨ÙŠØ¬'),
(609, 51, 'motive', '25'),
(610, 51, 'claas_car', '22'),
(611, 51, 'distance', '10000'),
(612, 51, 'numberselender', '57'),
(613, 51, 'specifications', 'Ù„Ø§ÙŠÙˆØ¬Ø¯'),
(614, 56, 'type_lo7a', '60'),
(615, 56, 'specifications', 'Ù„ÙˆØ­Ø© Ø³ÙŠØ§Ø±Ø§Ø© Ù…Ù…ÙŠØ² Ù„ÙˆØ­Ø© Ø³ÙŠØ§Ø±Ø§Ø© Ù…Ù…ÙŠØ² Ù„ÙˆØ­Ø© Ø³ÙŠØ§Ø±Ø§Ø© Ù…Ù…ÙŠØ² Ù„ÙˆØ­Ø© Ø³ÙŠØ§Ø±Ø§Ø© Ù…Ù…ÙŠØ² Ù„ÙˆØ­Ø© Ø³ÙŠØ§Ø±Ø§Ø© Ù…Ù…ÙŠØ² Ù„ÙˆØ­Ø© Ø³ÙŠØ§Ø±Ø§Ø© Ù…Ù…ÙŠØ² '),
(616, 57, 'mobilecompany', '72'),
(617, 57, 'mobilenumber', '2412341234'),
(618, 57, 'specifications', 'ØªØ¬Ø±Ø¨Ø© Ù‡Ù†Ø§ ØªØ¬Ø±Ø¨Ø© Ù‡Ù†Ø§ ØªØ¬Ø±Ø¨Ø© Ù‡Ù†Ø§ ØªØ¬Ø±Ø¨Ø© Ù‡Ù†Ø§ ØªØ¬Ø±Ø¨Ø© Ù‡Ù†Ø§ ØªØ¬Ø±Ø¨Ø© Ù‡Ù†Ø§ ØªØ¬Ø±Ø¨Ø© Ù‡Ù†Ø§ ØªØ¬Ø±Ø¨Ø© Ù‡Ù†Ø§ ØªØ¬Ø±Ø¨Ø© Ù‡Ù†Ø§ ØªØ¬Ø±Ø¨Ø© Ù‡Ù†Ø§ '),
(619, 58, 'color', '3'),
(620, 58, 'numberselender', '57'),
(621, 58, 'distance', '11111'),
(622, 58, 'case', '6'),
(623, 58, 'transmission', '5'),
(624, 58, 'specifications', 'ØªØ¬Ø±Ø¨Ø© Ù‡Ù†Ø§ ØªØ¬Ø±Ø¨Ø© Ù‡Ù†Ø§ ØªØ¬Ø±Ø¨Ø© Ù‡Ù†Ø§ ØªØ¬Ø±Ø¨Ø© Ù‡Ù†Ø§ ØªØ¬Ø±Ø¨Ø© Ù‡Ù†Ø§ ');

-- --------------------------------------------------------

--
-- Table structure for table `cars_type`
--

CREATE TABLE `cars_type` (
  `id_t` int(11) NOT NULL,
  `name_t` varchar(100) NOT NULL,
  `sub_t` int(11) NOT NULL,
  `images_t` varchar(50) NOT NULL,
  `category_t` int(11) NOT NULL DEFAULT '1'
) ENGINE=InnoDB DEFAULT CHARSET=latin1;

--
-- Dumping data for table `cars_type`
--

INSERT INTO `cars_type` (`id_t`, `name_t`, `sub_t`, `images_t`, `category_t`) VALUES
(4, '<!--:ar-->Ø¯Ø§ÙŠÙˆ<!--:--><!--:en-->DAEWOO<!--:-->', 0, 'upl_53b69ecb3d778.jpg', 1),
(6, '<!--:ar-->ØªÙˆÙŠÙˆØªØ§<!--:--><!--:en-->TOYOTA<!--:-->', 0, 'upl_53bcf5267f656.jpg', 1),
(7, '<!--:ar-->Ù†ÙŠØ³Ø§Ù† <!--:--><!--:en-->NISSAN<!--:-->', 0, 'upl_54202a7ae715c.jpg', 1),
(9, '<!--:ar-->Ø§ÙØ§Ù„ÙˆÙ†<!--:--><!--:en-->AVALON<!--:-->', 6, '', 1),
(10, '<!--:ar-->Ø§ÙˆØ±ÙŠÙˆÙ† <!--:--><!--:en-->Aurion<!--:-->', 6, '', 1),
(11, '<!--:ar-->Ø§ÙŠÙƒÙˆ<!--:--><!--:en-->Echo<!--:-->', 6, '', 1),
(13, '<!--:ar-->Ø¥Ù†ÙˆÙØ§<!--:--><!--:en-->Innova<!--:-->', 6, '', 1),
(14, '<!--:ar-->Ù…ÙƒØ³ÙŠÙ…Ø§<!--:--><!--:en-->Maxima<!--:-->', 7, '', 1),
(15, '<!--:ar-->Ø¯Ø¯Ø³Ù†<!--:--><!--:en-->Datson<!--:-->', 7, '', 1),
(16, '<!--:ar-->Ù…ÙˆØ±Ø§Ù†Ùˆ<!--:--><!--:en-->Murano<!--:-->', 7, '', 1),
(17, '<!--:ar-->Ø£Ù„ØªÙŠÙ…Ø§<!--:--><!--:en-->Altima<!--:-->', 7, '', 1),
(30, '<!--:ar-->Ù‡ÙˆÙ†Ø¯Ø§ÙŠ<!--:--><!--:en-->HYUNDAI<!--:-->', 0, 'upl_53b935e0863d5.gif', 1),
(31, '<!--:ar-->Ø§ÙŠØ³ÙˆØ²Ùˆ<!--:--><!--:en-->ISUZU<!--:-->', 0, 'upl_53b9361628d8c.png', 1),
(33, '<!--:ar-->ÙƒÙŠØ§<!--:--><!--:en-->KIA<!--:-->', 0, 'upl_53b93748a2ec4.jpg', 1),
(35, '<!--:ar-->Ø¨ÙŠØ¬Ùˆ<!--:--><!--:en-->PEUGEOT<!--:-->', 0, 'upl_53b937ac91fc3.jpg', 1),
(36, '<!--:ar-->Ø¨ÙˆØ±Ø´<!--:--><!--:en-->PORSCHE<!--:-->', 0, 'upl_53b93864180db.jpg', 1),
(37, '<!--:ar-->Ø¨ÙŠ Ø¥Ù… Ø¯Ø¨Ù„ÙŠÙˆ<!--:--><!--:en-->BMW<!--:-->', 0, 'upl_53b938c37cb6e.jpg', 1),
(38, '<!--:ar-->Ù…Ø±Ø³ÙŠØ¯Ø³<!--:--><!--:en-->MERCEDES<!--:-->', 0, 'upl_53b93ac069f54.jpg', 1),
(40, '<!--:ar-->ÙÙˆØ±Ø¯<!--:--><!--:en-->FORD<!--:-->', 0, 'upl_53b93b61029ff.jpg', 1),
(46, '<!--:ar-->Ø¬ÙŠØ¨<!--:--><!--:en-->JEEP<!--:-->', 0, 'upl_53bcf4bfe342d.jpeg', 1),
(47, '<!--:ar-->Ù„Ø§Ù†Ø¯ Ø±ÙˆÙØ± <!--:--><!--:en-->LAND ROVER<!--:-->', 0, 'upl_53bcf4e783341.jpg', 1),
(48, '<!--:ar-->Ø¬Ø§ÙƒÙˆØ§Ø±<!--:--><!--:en-->JAGUAR<!--:-->', 0, 'upl_53bcf58d86f10.jpg', 1),
(49, '<!--:ar-->Ø´ÙŠÙØ±ÙˆÙ„ÙŠÙ‡<!--:--><!--:en-->CHEVROLET<!--:-->', 0, 'upl_53bcf5f3d079d.jpg', 1),
(50, '<!--:ar-->Ø¬ÙŠ Ø¥Ù… Ø³ÙŠ<!--:--><!--:en-->GMC<!--:-->', 0, 'upl_53bcf68756d90.jpg', 1),
(51, '<!--:ar-->Ù‡ÙˆÙ†Ø¯Ø§ <!--:--><!--:en-->HONDA<!--:-->', 0, 'upl_53bcf76ee6601.png', 1),
(52, '<!--:ar-->Ù…Ø§Ø²Ø¯Ø§<!--:--><!--:en-->MAZDA<!--:-->', 0, 'upl_53bcfc36a11a5.jpg', 1),
(53, '<!--:ar-->Ù‡Ù…Ø± <!--:--><!--:en-->HUMMER<!--:-->', 0, 'upl_53bcfc47e94c8.jpg', 1),
(54, '<!--:ar-->Ø¥Ù†ÙÙŠÙ†ØªÙŠ<!--:--><!--:en-->INFINITI<!--:-->', 0, 'upl_53bcfcecdeba1.jpg', 1),
(55, '<!--:ar-->Ù…ÙŠØ±ÙƒÙˆØ±ÙŠ<!--:--><!--:en-->MERCURY<!--:-->', 0, 'upl_53bcfe58f371f.jpg', 1),
(56, '<!--:ar-->ÙÙˆÙ„ÙƒØ³ ÙØ§Ø¬Ù†<!--:--><!--:en-->VOLKS WAGEN<!--:-->', 0, 'upl_53bcfe6acf083.jpg', 1),
(57, '<!--:ar-->Ù…ÙŠØªØ³ÙˆØ¨ÙŠØ´ÙŠ<!--:--><!--:en-->MITSUBISHI<!--:-->', 0, 'upl_53bd01ad5bcf9.jpg', 1),
(58, '<!--:ar-->Ù„Ù†ÙƒÙˆÙ„Ù†<!--:--><!--:en-->LINCOLN<!--:-->', 0, 'upl_53bd01f5c4acf.jpg', 1),
(59, '<!--:ar-->Ø§ÙˆØ¨Ù„ <!--:--><!--:en-->OPEL<!--:-->', 0, 'upl_53bd022a6da23.jpg', 1),
(60, '<!--:ar-->Ù…Ø²Ø§Ø±Ø§ØªÙŠ<!--:--><!--:en-->Maserati<!--:-->', 0, 'upl_53bd04023ddbf.png', 1),
(61, '<!--:ar-->Ø±ÙŠÙˆ<!--:--><!--:en-->Rio<!--:-->', 33, '', 1),
(62, '<!--:ar-->Ø§Ø³ØªÙˆÙ† Ù…Ø§Ø±ØªÙ† <!--:--><!--:en-->ASTON MARTIN<!--:-->', 0, 'upl_53bd07d5371d9.jpg', 1),
(63, '<!--:ar-->ÙƒØ§Ø¯ÙŠÙ„Ø§Ùƒ<!--:--><!--:en-->CADILLAC<!--:-->', 0, 'upl_53bd081e9b3cc.jpg', 1),
(64, '<!--:ar-->ÙƒØ±Ø§ÙŠØ³Ù„Ø±<!--:--><!--:en-->Chrysler<!--:-->', 0, 'upl_53bd085ae2891.jpg', 1),
(65, '<!--:ar-->Ø³ÙŠØªØ±ÙˆÙŠÙ†<!--:--><!--:en-->Citroen<!--:-->', 0, 'upl_53bd08f2cd0bf.jpg', 1),
(66, '<!--:ar-->Ø¯Ø§ÙŠÙ‡Ø§ØªØ³Ùˆ<!--:--><!--:en-->Daihatsu<!--:-->', 0, 'upl_53bd0a50bc0cd.jpg', 1),
(67, '<!--:ar-->Ø¯ÙˆØ¯Ø¬<!--:--><!--:en-->DODGE<!--:-->', 0, 'upl_53bd0aa892cf8.jpg', 1),
(68, '<!--:ar-->ÙÙŠØ§Øª<!--:--><!--:en-->FIAT<!--:-->', 0, 'upl_53bd0ae9348f6.jpg', 1),
(69, '<!--:ar-->Ù„Ø§Ù…Ø¨ÙˆØ±ØºÙŠÙ†ÙŠ<!--:--><!--:en-->LAMBORGHINI<!--:-->', 0, 'upl_53bd0b3f75cff.jpg', 1),
(70, '<!--:ar-->Ø±ÙˆØ² Ø±Ø§ÙŠØ²<!--:--><!--:en-->ROLLS ROYCE<!--:-->', 0, 'upl_53bd0b94afd42.gif', 1),
(71, '<!--:ar-->Ø³ÙˆØ¨Ø§Ø±Ùˆ<!--:--><!--:en-->SUBARU<!--:-->', 0, 'upl_53bd0be0aac69.jpg', 1),
(72, '<!--:ar-->Ø³ÙˆØ²ÙˆÙƒÙŠ<!--:--><!--:en-->SUZUKI<!--:-->', 0, 'upl_53bd0c120c661.jpg', 1),
(73, '<!--:ar-->ÙÙˆÙ„ÙÙˆ<!--:--><!--:en-->VOLVO<!--:-->', 0, 'upl_53bd0c601025e.jpg', 1),
(74, '<!--:ar-->Ø§ÙˆØ¯ÙŠ<!--:--><!--:en-->AUDI<!--:-->', 0, 'upl_53bd1e951711f.jpg', 1),
(75, '<!--:ar-->Ø³ÙƒÙˆØ¯Ø§<!--:--><!--:en-->Skoda<!--:-->', 0, 'upl_53bd1eeb3e282.jpg', 1),
(76, '<!--:ar-->Ø±ÙŠÙ†Ùˆ<!--:--><!--:en-->Renault<!--:-->', 0, 'upl_53bd2037ad152.png', 1),
(77, '<!--:ar-->Ø¨ÙˆÙŠÙƒ<!--:--><!--:en-->Buick<!--:-->', 0, 'upl_53bd2077babc0.jpg', 1),
(78, '<!--:ar-->Ø³Ø§Ø¨<!--:--><!--:en-->Saab<!--:-->', 0, 'upl_53bd20dc75707.jpg', 1),
(79, '<!--:ar-->Ø³ÙŠØ§Øª<!--:--><!--:en-->Seat<!--:-->', 0, 'upl_53bd2b0bc827b.jpg', 1),
(80, '<!--:ar-->Ø£Ù… Ø¬ÙŠ <!--:--><!--:en-->MG<!--:-->', 0, 'upl_53bd2b5d9cac0.png', 1),
(81, '<!--:ar-->Ø¨Ø±ÙˆØªÙˆÙ†<!--:--><!--:en-->Proton<!--:-->', 0, 'upl_53bd2bd3d8370.jpg', 1),
(82, '<!--:ar-->Ø¬ÙŠÙ„ÙŠ<!--:--><!--:en-->Geely<!--:-->', 0, 'upl_53bd2d11466fc.jpg', 1),
(83, '<!--:ar-->ØªØ´ÙŠØ±ÙŠ<!--:--><!--:en-->Chery<!--:-->', 0, 'upl_53bd3b329329d.jpg', 1),
(84, '<!--:ar-->Ø³ÙŠØ±Ø§ØªÙˆ <!--:--><!--:en-->Cerato<!--:-->', 33, '', 1),
(85, '<!--:ar-->ÙƒÙˆØ±ÙˆÙ„Ø§ <!--:--><!--:en-->Corolla<!--:-->', 6, '', 1),
(86, '<!--:ar-->ÙƒØ§Ù…Ø±ÙŠ<!--:--><!--:en-->Camry<!--:-->', 6, '', 1),
(87, '<!--:ar-->Ø³ÙŠ Ø¢Ø± ÙÙŠ<!--:--><!--:en-->CRV<!--:-->', 51, '', 1),
(88, '<!--:ar-->Ù„Ø§Ù†Ø¯ÙƒØ±ÙˆØ²Ø±<!--:--><!--:en-->Land Cruiser<!--:-->', 6, '', 1),
(89, '<!--:ar-->Ø¨Ø±Ø§Ø¯Ùˆ<!--:--><!--:en-->Prado<!--:-->', 6, '', 1),
(90, '<!--:ar-->Ø¨Ø±ÙŠÙÙŠØ§<!--:--><!--:en-->Previa<!--:-->', 6, '', 1),
(95, '<!--:ar-->ØªÙ†Ø¯Ø±Ø§<!--:--><!--:en-->Tundra<!--:-->', 6, '', 1),
(96, '<!--:ar-->Ø¥Ù Ø¬ÙŠ<!--:--><!--:en-->FJ<!--:-->', 6, '', 1),
(97, '<!--:ar-->Ù‡Ø§ÙŠØ³<!--:--><!--:en-->Hiace<!--:-->', 6, '', 1),
(100, '<!--:ar-->Ù‡Ø§ÙŠÙ„ÙƒØ³<!--:--><!--:en-->Hilux<!--:-->', 6, '', 1),
(102, '<!--:ar-->ÙŠØ§Ø±Ø³<!--:--><!--:en-->Yaris<!--:-->', 6, '', 1),
(103, '<!--:ar-->Ø¥ÙƒØ³ Ø§ÙŠÙ‡<!--:--><!--:en-->XA<!--:-->', 6, '', 1),
(104, '<!--:ar-->Ø§ÙƒØ³Ø¨Ù„ÙˆØ±<!--:--><!--:en-->Explorer<!--:-->', 40, '', 1),
(105, '<!--:ar-->Ø§ÙƒØ³Ø¨ÙŠØ¯ÙŠØ´Ù†<!--:--><!--:en-->Expedition<!--:-->', 40, '', 1),
(107, '<!--:ar-->Ø§ÙŠØ¯Ø¬<!--:--><!--:en-->Edge<!--:-->', 40, '', 1),
(108, '<!--:ar-->ØªÙˆØ±ÙˆØ³<!--:--><!--:en-->Taurus<!--:-->', 40, '', 1),
(109, '<!--:ar-->Ø±Ù†Ø¬Ø±<!--:--><!--:en-->Ranger<!--:-->', 40, '', 1),
(111, '<!--:ar-->ÙØ±ÙŠØ³ØªØ§Ø±<!--:--><!--:en-->Freestar<!--:-->', 40, '', 1),
(112, '<!--:ar-->ÙÙ„ÙŠÙƒØ³<!--:--><!--:en-->Flex<!--:-->', 40, '', 1),
(113, '<!--:ar-->ÙÙˆÙƒØ³<!--:--><!--:en-->Focus<!--:-->', 40, '', 1),
(114, '<!--:ar-->ÙÙŠØ³ØªØ§<!--:--><!--:en-->Fiesta<!--:-->', 40, '', 1),
(115, '<!--:ar-->ÙÙŠÙˆØ¬Ù†<!--:--><!--:en-->Fusion<!--:-->', 40, '', 1),
(116, '<!--:ar-->ÙƒØ±Ø§ÙˆÙ† ÙÙƒØªÙˆØ±ÙŠØ§ <!--:--><!--:en-->Crown Victoria<!--:-->', 40, '', 1),
(117, '<!--:ar-->Ù…ÙˆØ³ØªÙ†Øº<!--:--><!--:en-->Mustang<!--:-->', 40, '', 1),
(123, '<!--:ar-->Ø§ÙƒØ³Ù†Øª<!--:--><!--:en-->Accent<!--:-->', 30, '', 1),
(125, '<!--:ar-->Ø¥ØªØ´ 1<!--:--><!--:en-->H1<!--:-->', 30, '', 1),
(126, '<!--:ar-->Ø¢ÙŠ 10<!--:--><!--:en-->I 10<!--:-->', 30, '', 1),
(127, '<!--:ar-->Ø¢ÙŠ 40<!--:--><!--:en-->I 40<!--:-->', 30, '', 1),
(128, '<!--:ar-->Ø¢ÙŠ 30<!--:--><!--:en-->I 30<!--:-->', 30, '', 1),
(129, '<!--:ar-->Ø¢Ø²ÙŠØ±Ø§<!--:--><!--:en-->Azera<!--:-->', 30, '', 1),
(130, '<!--:ar-->Ø¥Ù„Ù†ØªØ±Ø§<!--:--><!--:en-->Elantra<!--:-->', 30, '', 1),
(131, '<!--:ar-->ØªÙˆØ³Ø§Ù† <!--:--><!--:en-->Tucson<!--:-->', 30, '', 1),
(132, '<!--:ar-->Ø¬Ù†ÙŠØ³ÙŠØ³<!--:--><!--:en-->Genesis<!--:-->', 30, '', 1),
(134, '<!--:ar-->Ø³Ù†ØªØ§ÙÙŠÙ‡<!--:--><!--:en-->Sentive<!--:-->', 30, '', 1),
(135, '<!--:ar-->Ø³ÙˆÙ†Ø§ØªØ§<!--:--><!--:en-->Sonata<!--:-->', 30, '', 1),
(136, '<!--:ar-->Ø³ÙŠÙ†ØªÙŠÙ†ÙŠØ§Ù„<!--:--><!--:en-->Centennial<!--:-->', 30, '', 1),
(137, '<!--:ar-->ÙÙŠÙ„ÙˆØ³ØªØ±<!--:--><!--:en-->Veloster<!--:-->', 30, '', 1),
(139, '<!--:ar-->Ù…Ø§ØªØ±ÙŠÙƒØ³<!--:--><!--:en-->Matrix<!--:-->', 30, '', 1),
(140, '<!--:ar-->Ø§ÙˆØ¨ØªÙŠÙ…Ø§<!--:--><!--:en-->Optima<!--:-->', 33, '', 1),
(141, '<!--:ar-->Ø¨ÙŠÙƒØ§Ù†ØªÙˆ<!--:--><!--:en-->Picanto<!--:-->', 30, '', 1),
(142, '<!--:ar-->Ø³Ø¨ÙˆØ±ØªØ§Ø¬<!--:--><!--:en-->Sportage<!--:-->', 33, '', 1),
(143, '<!--:ar-->Ø³ÙˆÙ„<!--:--><!--:en-->Soul<!--:-->', 33, '', 1),
(147, '<!--:ar-->ÙƒØ§Ø¯ÙŠÙ†Ø²Ø§<!--:--><!--:en-->Cadenza<!--:-->', 33, '', 1),
(148, '<!--:ar-->ÙƒØ§Ø±Ù†Ø²<!--:--><!--:en-->Carens<!--:-->', 33, '', 1),
(149, '<!--:ar-->ÙƒØ±Ù†ÙØ§Ù„<!--:--><!--:en-->Carnival<!--:-->', 33, '', 1),
(150, '<!--:ar-->Ù…ÙˆÙ‡Ø§ÙÙŠ<!--:--><!--:en-->Mohave<!--:-->', 33, '', 1),
(151, '<!--:ar-->Ø£Ø±Ù…Ø§Ø¯Ø§<!--:--><!--:en-->Armada<!--:-->', 7, '', 1),
(153, '<!--:ar-->Ø¬ÙŠ ØªÙŠ Ø¢Ø±<!--:--><!--:en-->GTR<!--:-->', 7, '', 1),
(154, '<!--:ar-->Ù†Ø§ÙØ§Ø±Ø§<!--:--><!--:en-->Navarra<!--:-->', 7, '', 1),
(155, '<!--:ar-->Ø¨Ø§ØªØ±ÙˆÙ„<!--:--><!--:en-->Patrol<!--:-->', 7, '', 1),
(158, '<!--:ar-->ØµÙ†ÙŠ<!--:--><!--:en-->Sunny<!--:-->', 7, '', 1),
(159, '<!--:ar-->ØªÙŠØ¯Ø§<!--:--><!--:en-->Tiida<!--:-->', 7, '', 1),
(160, '<!--:ar-->Ø§ÙˆØ±ÙØ§Ù†<!--:--><!--:en-->Urvan<!--:-->', 7, '', 1),
(161, '<!--:ar-->Ø¥ÙƒØ³ ØªÙŠØ±Ø§<!--:--><!--:en-->X - Terra<!--:-->', 7, '', 1),
(162, '<!--:ar-->Ø§ÙƒØ³ ØªØ±ÙŠÙ„<!--:--><!--:en-->X - Trail<!--:-->', 7, '', 1),
(163, '<!--:ar-->Ø¨Ø§Ø«ÙØ§Ù†Ø¯Ø±<!--:--><!--:en-->Pathfinder<!--:-->', 7, '', 1),
(164, '<!--:ar-->Ù‚Ø§Ø´Ù‚Ø§ÙŠ<!--:--><!--:en-->Qashqai<!--:-->', 7, '', 1),
(165, '<!--:ar-->Ø¨Ø§ØªØ±ÙˆÙ„ Ø¨Ùƒ Ø§Ø¨ <!--:--><!--:en-->Patrol Pickup<!--:-->', 7, '', 1),
(166, '<!--:ar-->Ø¬ÙˆÙƒ <!--:--><!--:en-->Juke<!--:-->', 7, '', 1),
(167, '<!--:ar-->Ù…ÙŠÙƒØ±Ø§<!--:--><!--:en-->Micra<!--:-->', 7, '', 1),
(169, '<!--:ar-->Ø²Ø¯ 350<!--:--><!--:en-->Z 350 <!--:-->', 7, '', 1),
(171, '<!--:ar-->Ø²Ø¯ 370<!--:--><!--:en-->Z 370<!--:-->', 7, '', 1),
(172, '<!--:ar-->Ø£ÙƒÙˆØ±Ø¯<!--:--><!--:en-->Accord<!--:-->', 51, '', 1),
(174, '<!--:ar-->Ø³ÙŠØªÙŠ<!--:--><!--:en-->City<!--:-->', 51, '', 1),
(175, '<!--:ar-->Ø³ÙŠÙÙŠÙƒ<!--:--><!--:en-->Civic<!--:-->', 51, '', 1),
(176, '<!--:ar-->Ø¬Ø§Ø²<!--:--><!--:en-->Jazz<!--:-->', 51, '', 1),
(177, '<!--:ar-->Ø§ÙˆØ¯ÙŠØ³ÙŠ<!--:--><!--:en-->Odyssey<!--:-->', 51, '', 1),
(178, '<!--:ar-->Ø¨Ø§ÙŠÙ„ÙˆØª<!--:--><!--:en-->Pilot<!--:-->', 51, '', 1),
(179, '<!--:ar-->Ø¥ØªØ´ Ø¢Ø± ÙÙŠ<!--:--><!--:en-->HRV<!--:-->', 51, '', 1),
(180, '<!--:ar-->Ø¥Ù… Ø¢Ø± ÙÙŠ<!--:--><!--:en-->MRV<!--:-->', 51, '', 1),
(197, '<!--:ar-->Ø¬ÙŠ 35<!--:--><!--:en-->G 35<!--:-->', 54, '', 1),
(198, '<!--:ar-->Ø¬ÙŠ 37<!--:--><!--:en-->G 37<!--:-->', 54, '', 1),
(200, '<!--:ar-->Ø¥Ù… 35<!--:--><!--:en-->M 35<!--:-->', 54, '', 1),
(201, '<!--:ar-->Ø¥Ù… 37<!--:--><!--:en-->M 37<!--:-->', 54, '', 1),
(203, '<!--:ar-->Ø¥Ù… 45<!--:--><!--:en-->M 45<!--:-->', 54, '', 1),
(204, '<!--:ar-->Ø¥Ù… 56<!--:--><!--:en-->M 56<!--:-->', 54, '', 1),
(212, '<!--:ar-->ÙƒØ§Ø¨Ø±Ø³<!--:--><!--:en-->Caprice<!--:-->', 49, '', 1),
(213, '<!--:ar-->Ù„ÙˆÙ…ÙŠÙ†Ø§<!--:--><!--:en-->Lumina<!--:-->', 49, '', 1),
(214, '<!--:ar-->ØªØ±Ø§ÙÙŠØ±Ø³<!--:--><!--:en-->Traverse<!--:-->', 49, '', 1),
(215, '<!--:ar-->Ù…Ø§Ù„ÙŠØ¨Ùˆ<!--:--><!--:en-->Malibu<!--:-->', 49, '', 1),
(219, '<!--:ar-->Ø§Ø¨ÙŠÙƒØ§<!--:--><!--:en-->Abika<!--:-->', 49, '', 1),
(223, '<!--:ar-->Ø²ÙˆÙ… 3<!--:--><!--:en-->zoom 3 <!--:-->', 52, '', 1),
(224, '<!--:ar-->Ø¨Ø§Ù†Ø§Ù…ÙŠØ±Ø§<!--:--><!--:en-->Panamera<!--:-->', 36, '', 1),
(225, '<!--:ar-->Ø¨Ù†ØªÙ„ÙŠ<!--:--><!--:en-->BENTLEY<!--:-->', 0, 'upl_58f7b563243da.jpg', 1),
(226, '<!--:ar-->ÙƒÙˆÙ†ØªÙŠÙ†ØªØ§Ù„ <!--:--><!--:en-->Continental<!--:-->', 225, '', 1),
(229, '<!--:ar-->Ù„ÙƒØ²Ø³<!--:--><!--:en-->LEXUS<!--:-->', 0, 'upl_58f8da46338e1.jpg', 1),
(232, '<!--:ar-->Ø¨Ø§Ø¬ÙŠØ±Ùˆ<!--:--><!--:en-->Pajero<!--:-->', 57, '', 1),
(235, '<!--:ar-->Ø±Ø§Ù ÙÙˆØ± <!--:--><!--:en-->RAV4<!--:-->', 6, '', 1),
(237, '<!--:ar-->ÙƒØ±ÙˆØ²<!--:--><!--:en-->Cruze<!--:-->', 49, '', 1),
(238, '<!--:ar-->Ø¨Ù„ÙŠØ²Ø±<!--:--><!--:en-->Blazer<!--:-->', 49, '', 1),
(239, '<!--:ar-->Ù„ÙˆØ­Ø§Øª Ø§Ù„Ø³ÙŠØ§Ø±Ø§Øª<!--:--><!--:en-->Car plates<!--:-->', 0, '', 2),
(241, '<!--:ar-->Ù„ÙŠÙ‚Ø§Ù†Ø²Ø§<!--:--><!--:en-->Leganza<!--:-->', 4, '', 1),
(242, '<!--:ar-->Ø³ÙƒÙˆÙŠØ§<!--:--><!--:en-->Sequoia<!--:-->', 6, '', 1),
(243, '<!--:ar-->Ø´Ø§Øµ<!--:--><!--:en-->Shass<!--:-->', 6, '', 1),
(244, '<!--:ar-->Ù„Ø§Ù†Ø¯ÙƒØ±ÙˆØ²Ø± Ø±Ø¨Ø¹<!--:--><!--:en-->Land Cruiser quarter<!--:-->', 6, '', 1),
(245, '<!--:ar-->Ø¯ÙŠÙ…Ø§ÙƒØ³<!--:--><!--:en-->D-Max<!--:-->', 31, '', 1),
(246, '<!--:ar-->Ø¢Ø³Ù†Ø¯Ø±<!--:--><!--:en-->Asander<!--:-->', 31, '', 1),
(247, '<!--:ar-->Ø¨ÙŠØ¬Ùˆ 107<!--:--><!--:en-->Peugeot 107<!--:-->', 35, '', 1),
(248, '<!--:ar-->Ø¨ÙŠØ¬Ùˆ 108<!--:--><!--:en-->Peugeot 108<!--:-->', 35, '', 1),
(249, '<!--:ar-->Ø¨ÙŠØ¬Ùˆ 206<!--:--><!--:en-->Peugeot 206<!--:-->', 35, '', 1),
(250, '<!--:ar-->Ø¨ÙŠØ¬Ùˆ 207<!--:--><!--:en-->Peugeot 207<!--:-->', 35, '', 1),
(251, '<!--:ar-->Ø¨ÙŠØ¬Ùˆ 208<!--:--><!--:en-->Peugeot 208<!--:-->', 35, '', 1),
(252, '<!--:ar-->Ø¨ÙŠØ¬Ùˆ 307<!--:--><!--:en-->Peugeot 307<!--:-->', 35, '', 1),
(253, '<!--:ar-->Ø¨ÙŠØ¬Ùˆ 308<!--:--><!--:en-->Peugeot 308<!--:-->', 35, '', 1),
(254, '<!--:ar-->Ø¨ÙŠØ¬Ùˆ 2008<!--:--><!--:en-->Peugeot 2008<!--:-->', 35, '', 1),
(255, '<!--:ar-->Ø¨ÙŠØ¬Ùˆ 3008<!--:--><!--:en-->Peugeot 3008<!--:-->', 35, '', 1),
(256, '<!--:ar-->Ø¨ÙˆØ±Ø´ 911<!--:--><!--:en-->Porsche 911<!--:-->', 36, '', 1),
(257, '<!--:ar-->Ø¨ÙˆØ±Ø´ 918<!--:--><!--:en-->Porsche 918<!--:-->', 36, '', 1),
(258, '<!--:ar-->Ù…Ø§ÙƒØ§Ù†<!--:--><!--:en-->Macan<!--:-->', 36, '', 1),
(259, '<!--:ar-->ÙƒØ§ÙŠÙŠÙ†<!--:--><!--:en-->Cayenne<!--:-->', 36, '', 1),
(260, '<!--:ar-->ÙƒØ§ÙŠÙ…Ø§Ù†<!--:--><!--:en-->Cayman<!--:-->', 36, '', 1),
(261, '<!--:ar-->Ø¥ÙƒØ³ 5<!--:--><!--:en-->X5<!--:-->', 37, '', 1),
(262, '<!--:ar-->Ø¥ÙƒØ³ 6<!--:--><!--:en-->X6<!--:-->', 37, '', 1),
(263, '<!--:ar-->Ø§Ù„ÙØ¦Ø© 3<!--:--><!--:en-->3 series<!--:-->', 37, '', 1),
(264, '<!--:ar-->Ø§Ù„ÙØ¦Ø© 5<!--:--><!--:en-->5 series<!--:-->', 37, '', 1),
(265, '<!--:ar-->Ø§Ù„ÙØ¦Ø© 7<!--:--><!--:en-->7 series<!--:-->', 37, '', 1),
(266, '<!--:ar-->Ø§Ù„ÙØ¦Ø© A<!--:--><!--:en-->A class<!--:-->', 38, '', 1),
(267, '<!--:ar-->Ø§Ù„ÙØ¦Ø© C<!--:--><!--:en-->C class<!--:-->', 38, '', 1),
(268, '<!--:ar-->Ø§Ù„ÙØ¦Ø© S<!--:--><!--:en-->S class<!--:-->', 38, '', 1),
(269, '<!--:ar-->Ø§Ù„ÙØ¦Ø© G<!--:--><!--:en-->G class<!--:-->', 38, '', 1),
(270, '<!--:ar-->Ø§Ù„ÙØ¦Ø© E<!--:--><!--:en-->E class<!--:-->', 38, '', 1),
(271, '<!--:ar-->Ù…Ø§ÙŠØ¨Ø§Ø®<!--:--><!--:en-->Maybach<!--:-->', 38, '', 1),
(272, '<!--:ar-->Ø±Ø§Ø¨ØªÙˆØ±<!--:--><!--:en-->Raptor<!--:-->', 40, '', 1),
(273, '<!--:ar-->ÙÙˆØ±ØªØ´ÙŠÙ†Ø±<!--:--><!--:en-->Fortuner<!--:-->', 6, '', 1),
(274, '<!--:ar-->Ø±Ø§Ù†Ø¬Ù„Ø±<!--:--><!--:en-->Wrangler<!--:-->', 46, '', 1),
(275, '<!--:ar-->Ø´ÙŠØ±ÙˆÙƒÙŠ<!--:--><!--:en-->Cherokee<!--:-->', 46, '', 1),
(276, '<!--:ar-->Ù‚Ø±Ø§Ù†Ø¯ Ø´ÙŠØ±ÙˆÙƒÙŠ<!--:--><!--:en-->Grand Cherokee<!--:-->', 46, '', 1),
(277, '<!--:ar-->Ø±ÙŠÙ†Ù‚Ø§Ø¯<!--:--><!--:en-->Renegade<!--:-->', 46, '', 1),
(278, '<!--:ar-->Ø¨Ø§ØªØ±ÙŠÙˆØª<!--:--><!--:en-->Patriot<!--:-->', 46, '', 1),
(279, '<!--:ar-->ÙƒÙˆÙ…Ø¨Ø§Ø³<!--:--><!--:en-->Compass<!--:-->', 46, '', 1),
(280, '<!--:ar-->Ø±ÙˆØ¨ÙŠÙƒÙˆÙ†<!--:--><!--:en-->ÙŒRubicon<!--:-->', 46, '', 1),
(281, '<!--:ar-->Ù„ÙŠØ¨ÙŠØ±ØªÙŠ<!--:--><!--:en-->Liberty<!--:-->', 46, '', 1),
(282, '<!--:ar-->Ø±Ø§Ù†Ø±ÙˆÙØ±<!--:--><!--:en-->Rang Rover<!--:-->', 47, '', 1),
(283, '<!--:ar-->Ø¯ÙŠÙØ§Ù†Ø¯Ø±<!--:--><!--:en-->Defender<!--:-->', 47, '', 1),
(284, '<!--:ar-->Ø¯ÙŠØ³ÙƒØ§ÙØ±ÙŠ<!--:--><!--:en-->Discovery<!--:-->', 47, '', 1),
(285, '<!--:ar-->ÙÙŠÙ„Ø±<!--:--><!--:en-->Velar<!--:-->', 47, '', 1),
(286, '<!--:ar-->Ø¥ÙŠÙÙˆÙ‚<!--:--><!--:en-->Evoque<!--:-->', 47, '', 1),
(287, '<!--:ar-->ÙØ±ÙŠÙ„Ø§Ù†Ø¯Ø±<!--:--><!--:en-->Freelander<!--:-->', 47, '', 1),
(288, '<!--:ar-->Ø¥ÙƒØ³ Ø¥Ù<!--:--><!--:en-->XF<!--:-->', 48, '', 1),
(289, '<!--:ar-->Ø¥ÙƒØ³ Ø¥ÙŠ<!--:--><!--:en-->XE<!--:-->', 48, '', 1),
(290, '<!--:ar-->Ø¥ÙƒØ³ Ø¬ÙŠ<!--:--><!--:en-->XJ<!--:-->', 48, '', 1),
(291, '<!--:ar-->Ø¥ÙƒØ³ ÙƒÙŠ<!--:--><!--:en-->XK<!--:-->', 48, '', 1),
(292, '<!--:ar-->Ø¥Ø³ ÙŠÙˆ ÙÙŠ<!--:--><!--:en-->SUV<!--:-->', 48, '', 1),
(293, '<!--:ar-->ØªØ±ÙŠÙ„Ø¨Ù„ÙŠØ²Ø±<!--:--><!--:en-->Trailblazer<!--:-->', 49, '', 1),
(294, '<!--:ar-->Ø³Ø¨Ø§Ø±Ùƒ<!--:--><!--:en-->Spark<!--:-->', 49, '', 1),
(295, '<!--:ar-->ÙƒØ§Ù…Ø§Ø±Ùˆ<!--:--><!--:en-->Camaro<!--:-->', 49, '', 1),
(296, '<!--:ar-->Ø¥ÙŠÙ…Ø¨Ø§Ù„Ø§<!--:--><!--:en-->Impala<!--:-->', 49, '', 1),
(297, '<!--:ar-->ØªØ§Ù‡Ùˆ<!--:--><!--:en-->Tahoe<!--:-->', 49, '', 1),
(298, '<!--:ar-->Ø³ÙŠÙ„ÙØ±Ø§Ø¯Ùˆ<!--:--><!--:en-->Silverado<!--:-->', 49, '', 1),
(299, '<!--:ar-->Ø¢ÙÙŠÙˆ<!--:--><!--:en-->Aveo<!--:-->', 49, '', 1),
(300, '<!--:ar-->ÙƒØ§Ø¨ØªÙŠÙØ§<!--:--><!--:en-->Captiva<!--:-->', 49, '', 1),
(301, '<!--:ar-->Ø³ÙŠØ±Ø§<!--:--><!--:en-->Sierra<!--:-->', 50, '', 1),
(302, '<!--:ar-->Ø£ÙƒØ§Ø¯ÙŠØ§<!--:--><!--:en-->Acadia<!--:-->', 50, '', 1),
(303, '<!--:ar-->ØªÙŠØ±ÙŠØ§Ù†<!--:--><!--:en-->Terrain<!--:-->', 50, '', 1),
(304, '<!--:ar-->ÙŠÙˆÙƒÙˆÙ†<!--:--><!--:en--> Yukon<!--:-->', 50, '', 1),
(305, '<!--:ar-->ÙƒØ§ÙŠÙˆÙ†<!--:--><!--:en-->Canyon<!--:-->', 50, '', 1),
(306, '<!--:ar-->Ø³ÙˆØ¨Ø±Ø¨Ø§Ù†<!--:--><!--:en-->Suburban<!--:-->', 50, '', 1),
(307, '<!--:ar-->Ø³Ø§ÙØ§Ù†Ø§<!--:--><!--:en-->Savana<!--:-->', 50, '', 1),
(308, '<!--:ar-->ÙØ§Ù†<!--:--><!--:en-->Van<!--:-->', 50, '', 1),
(309, '<!--:ar-->Ø²ÙˆÙ… 6<!--:--><!--:en-->Zoom 6<!--:-->', 52, '', 1),
(310, '<!--:ar-->Ù…Ø§Ø²Ø¯Ø§ 2<!--:--><!--:en-->Mazda 2<!--:-->', 52, '', 1),
(311, '<!--:ar-->Ù…Ø§Ø²Ø¯Ø§ 3<!--:--><!--:en-->Mazda 3<!--:-->', 52, '', 1),
(312, '<!--:ar-->Ù…Ø§Ø²Ø¯Ø§ 6<!--:--><!--:en-->Mazda 6<!--:-->', 52, '', 1),
(313, '<!--:ar-->Ù…Ø§Ø²Ø¯Ø§ 323<!--:--><!--:en-->Mazda 323<!--:-->', 52, '', 1),
(314, '<!--:ar-->Ù…Ø§Ø²Ø¯Ø§ 626<!--:--><!--:en-->Mazda 626<!--:-->', 52, '', 1),
(315, '<!--:ar-->Ø³ÙŠ Ø¥ÙƒØ³ 2<!--:--><!--:en-->CX2<!--:-->', 52, '', 1),
(316, '<!--:ar-->Ø³ÙŠ Ø¥ÙƒØ³ 5<!--:--><!--:en-->CX5<!--:-->', 52, '', 1),
(317, '<!--:ar-->Ø³ÙŠ Ø¥ÙƒØ³ 7<!--:--><!--:en-->CX7<!--:-->', 52, '', 1),
(318, '<!--:ar-->Ø³ÙŠ Ø¥ÙƒØ³ 9<!--:--><!--:en-->CX9<!--:-->', 52, '', 1),
(319, '<!--:ar-->Ø¢Ø± Ø¥ÙƒØ³ 8<!--:--><!--:en-->RX8<!--:-->', 52, '', 1),
(320, '<!--:ar-->Ø¨ÙŠ ØªÙŠ 50<!--:--><!--:en-->BT50<!--:-->', 52, '', 1),
(321, '<!--:ar-->Ø¥Ù… Ø¥ÙƒØ³ 5<!--:--><!--:en-->MX5<!--:-->', 52, '', 1),
(322, '<!--:ar-->Ø¥ØªØ´ 2<!--:--><!--:en-->H2<!--:-->', 53, '', 1),
(323, '<!--:ar-->Ø¥Ù„ Ø¥Ø³ 460<!--:--><!--:en-->LS 460<!--:-->', 229, '', 1),
(324, '<!--:ar-->Ø¥ØªØ´ 3<!--:--><!--:en-->H3<!--:-->', 53, '', 1),
(325, '<!--:ar-->Ø¥Ù„ Ø¥ÙƒØ³ 570<!--:--><!--:en-->LX 570<!--:-->', 229, '', 1),
(326, '<!--:ar-->Ø¥ÙŠ Ø¥Ø³ 250<!--:--><!--:en-->ES 250<!--:-->', 229, '', 1),
(327, '<!--:ar-->Ø¥ÙŠ Ø¥Ø³ 350<!--:--><!--:en-->ES 350<!--:-->', 229, '', 1),
(328, '<!--:ar-->Ø¬ÙŠ Ø¥Ø³<!--:--><!--:en-->GS<!--:-->', 229, '', 1),
(329, '<!--:ar-->Ø£ÙŠ Ø¥Ø³ 350<!--:--><!--:en-->IS 350<!--:-->', 229, '', 1),
(330, '<!--:ar-->Ø¥Ù„ Ø¥Ø³ 600<!--:--><!--:en-->LS 600<!--:-->', 229, '', 1),
(331, '<!--:ar-->Ø£Ø± Ø¥Ø³ <!--:--><!--:en-->RS<!--:-->', 229, '', 1),
(332, '<!--:ar-->Ø¬ÙŠ Ø¥ÙƒØ³ 460<!--:--><!--:en-->GX 460<!--:-->', 229, '', 1),
(333, '<!--:ar-->Ø¥Ù† Ø¥ÙƒØ³ <!--:--><!--:en-->NX<!--:-->', 229, '', 1),
(334, '<!--:ar-->Ø£Ø± Ø¥ÙƒØ³ 350<!--:--><!--:en-->RX 350<!--:-->', 229, '', 1),
(335, '<!--:ar-->ÙƒÙŠÙˆ 30<!--:--><!--:en-->Q30<!--:-->', 54, '', 1),
(336, '<!--:ar-->ÙƒÙŠÙˆ 50<!--:--><!--:en-->Q50<!--:-->', 54, '', 1),
(337, '<!--:ar-->ÙƒÙŠÙˆ 60<!--:--><!--:en-->Q60<!--:-->', 54, '', 1),
(338, '<!--:ar-->ÙƒÙŠÙˆ 70<!--:--><!--:en-->Q70<!--:-->', 54, '', 1),
(339, '<!--:ar-->ÙƒÙŠÙˆ Ø¥ÙƒØ³ 50<!--:--><!--:en-->QX50<!--:-->', 54, '', 1),
(340, '<!--:ar-->Ù…ÙˆÙ„Ø³Ø§Ù† <!--:--><!--:en-->Molsan<!--:-->', 225, '', 1),
(341, '<!--:ar-->ÙƒÙŠÙˆ Ø¥ÙƒØ³ 60<!--:--><!--:en-->QX60<!--:-->', 54, '', 1),
(342, '<!--:ar-->ÙƒÙŠÙˆ Ø¥ÙƒØ³ 70<!--:--><!--:en-->QX70<!--:-->', 54, '', 1),
(343, '<!--:ar-->Ø¨ÙŠÙ†ØªØ§ÙŠØºØ§ <!--:--><!--:en-->Pintaiga<!--:-->', 225, '', 1),
(344, '<!--:ar-->ÙƒÙŠÙˆ Ø¥ÙƒØ³ 80<!--:--><!--:en-->QX80<!--:-->', 54, '', 1),
(345, '<!--:ar-->Ø¥Ù Ø¥ÙƒØ³ 35<!--:--><!--:en-->FX35<!--:-->', 54, '', 1),
(346, '<!--:ar-->Ø¥Ù Ø¥ÙƒØ³ 45<!--:--><!--:en-->FX45<!--:-->', 54, '', 1),
(347, '<!--:ar-->Ø¥Ù Ø¥ÙƒØ³ 50<!--:--><!--:en-->FX50<!--:-->', 54, '', 1),
(348, '<!--:ar-->ÙÙ„Ø§ÙŠÙ†Ø¬ Ø³Ø¨ÙŠØ± <!--:--><!--:en-->Flying Spear<!--:-->', 225, '', 1),
(349, '<!--:ar-->Ø¥ÙŠ Ø¥ÙƒØ³ 35<!--:--><!--:en-->EX35<!--:-->', 54, '', 1),
(350, '<!--:ar-->Ù‚Ø±Ø§Ù†Ø¯ Ù…Ø§Ø±ÙƒÙŠØ²<!--:--><!--:en-->Grand Marquis<!--:-->', 55, '', 1),
(351, '<!--:ar-->Ø®ØµÙˆØµÙŠ<!--:--><!--:en-->Private<!--:-->', 239, '', 2),
(352, '<!--:ar-->Ø£Ø¬Ø±Ø©<!--:--><!--:en-->Taxi<!--:-->', 239, '', 2),
(353, '<!--:ar-->Ù†Ù‚Ù„<!--:--><!--:en-->Carriage<!--:-->', 239, '', 2),
(354, '<!--:ar-->Ø¨Ø§Ø³Ø§Øª<!--:--><!--:en-->Passat<!--:-->', 56, '', 1),
(355, '<!--:ar-->Ø¨ÙŠØªÙ„<!--:--><!--:en-->Beetle<!--:-->', 56, '', 1),
(356, '<!--:ar-->Ø¬ÙŠØªØ§<!--:--><!--:en--> Jetta<!--:-->', 56, '', 1),
(357, '<!--:ar-->Ø³ÙŠ Ø³ÙŠ<!--:--><!--:en-->CC<!--:-->', 56, '', 1),
(358, '<!--:ar-->Ø·ÙˆØ§Ø±Ù‚<!--:--><!--:en-->Tawariq<!--:-->', 56, '', 1),
(359, '<!--:ar-->ØªÙŠØºÙˆØ§Ù†<!--:--><!--:en-->Teague one<!--:-->', 56, '', 1),
(360, '<!--:ar-->Ø´ÙŠØ±Ø§ÙƒÙˆ<!--:--><!--:en-->Sherako<!--:-->', 56, '', 1),
(361, '<!--:ar-->Ø¬ÙˆÙ„Ù<!--:--><!--:en-->Golf<!--:-->', 56, '', 1),
(362, '<!--:ar-->Ø¨ÙˆÙ„Ùˆ<!--:--><!--:en-->Polo<!--:-->', 56, '', 1),
(363, '<!--:ar-->Ù…ÙˆÙ†ØªÙŠØ±Ùˆ<!--:--><!--:en-->Montero<!--:-->', 57, '', 1),
(364, '<!--:ar-->Ø£ÙˆØªÙ„Ø§Ù†Ø¯Ø±<!--:--><!--:en-->Outlander<!--:-->', 57, '', 1),
(365, '<!--:ar-->Ø¢ÙŠÙ‡ Ø¥Ø³ Ø¥ÙƒØ³<!--:--><!--:en-->ASX<!--:-->', 57, '', 1),
(366, '<!--:ar-->Ø¥Ù„ 200<!--:--><!--:en-->L200<!--:-->', 57, '', 1),
(367, '<!--:ar-->Ù„Ø§Ù†Ø³Ø±<!--:--><!--:en-->Lancer<!--:-->', 57, '', 1),
(368, '<!--:ar-->Ø¬Ø§Ù„Ù†Øª<!--:--><!--:en-->Galant<!--:-->', 57, '', 1),
(369, '<!--:ar-->Ø¥Ù… ÙƒÙŠ Ø²Ø¯<!--:--><!--:en-->MKZ<!--:-->', 58, '', 1),
(370, '<!--:ar-->Ø¥Ù… ÙƒÙŠ Ø¥Ø³<!--:--><!--:en-->MKS<!--:-->', 58, '', 1),
(371, '<!--:ar-->Ø¥Ù… ÙƒÙŠ Ø³ÙŠ<!--:--><!--:en-->MKC<!--:-->', 58, '', 1),
(372, '<!--:ar-->Ø¥Ù… ÙƒÙŠ Ø¥ÙƒØ³<!--:--><!--:en-->MKX<!--:-->', 58, '', 1),
(373, '<!--:ar-->Ø¥Ù… ÙƒÙŠ ØªÙŠ<!--:--><!--:en-->MKT<!--:-->', 58, '', 1),
(374, '<!--:ar-->ÙƒÙˆÙ†ØªÙŠÙ†Ù†ØªØ§Ù„<!--:--><!--:en-->Continental<!--:-->', 58, '', 1),
(375, '<!--:ar-->Ù†Ø§ÙÙŠØ¬ÙŠØªÙˆØ±<!--:--><!--:en-->Navigator<!--:-->', 58, '', 1),
(376, '<!--:ar-->ØªÙˆÙ†ÙƒØ§Ø±<!--:--><!--:en-->Town car<!--:-->', 58, '', 1),
(377, '<!--:ar-->Ø£Ø³ØªØ±Ø§<!--:--><!--:en-->Astra<!--:-->', 59, '', 1),
(378, '<!--:ar-->Ø£Ù†Ø³ÙŠØ¬Ù†ÙŠØ§<!--:--><!--:en-->Insignia<!--:-->', 59, '', 1),
(379, '<!--:ar-->Ø£Ø¯Ù…<!--:--><!--:en-->Adam<!--:-->', 59, '', 1),
(380, '<!--:ar-->Ø£Ù†ØªØ§Ø±Ø§<!--:--><!--:en-->Antara<!--:-->', 59, '', 1),
(381, '<!--:ar-->ÙÙŠÙƒØªØ±Ø§<!--:--><!--:en-->Vectra<!--:-->', 59, '', 1),
(382, '<!--:ar-->ÙƒÙˆØ±Ø³Ø§<!--:--><!--:en-->Corsa<!--:-->', 59, '', 1),
(383, '<!--:ar-->Ù…ÙˆÙƒØ§<!--:--><!--:en-->Mokka<!--:-->', 59, '', 1),
(384, '<!--:ar-->Ù…ÙŠØ±ÙŠÙØ§<!--:--><!--:en-->Meriva<!--:-->', 59, '', 1),
(385, '<!--:ar-->Ø£ ÙŠ 4<!--:--><!--:en-->A4<!--:-->', 74, '', 1),
(386, '<!--:ar-->ÙƒÙŠÙˆ 7<!--:--><!--:en-->Q7<!--:-->', 74, '', 1),
(387, '<!--:ar-->ÙƒÙŠÙˆ 5<!--:--><!--:en-->Q5<!--:-->', 74, '', 1),
(388, '<!--:ar-->Ø£ ÙŠ 3<!--:--><!--:en-->A3<!--:-->', 74, '', 1),
(389, '<!--:ar-->Ø£ÙŠ 5<!--:--><!--:en-->A5<!--:-->', 74, '', 1),
(390, '<!--:ar-->Ø£ÙŠ 6<!--:--><!--:en-->A6<!--:-->', 74, '', 1),
(391, '<!--:ar-->Ø£ÙŠ 7<!--:--><!--:en-->A7<!--:-->', 74, '', 1),
(392, '<!--:ar-->Ù„ÙŠÙØ§Ù†ØªÙŠ<!--:--><!--:en-->Levante<!--:-->', 60, '', 1),
(393, '<!--:ar-->Ø¬Ø±Ø§Ù† ØªÙˆØ±ÙŠØ²Ù…Ùˆ<!--:--><!--:en-->GranTurismo<!--:-->', 60, '', 1),
(394, '<!--:ar-->Ø£ÙŠ 8<!--:--><!--:en-->A8<!--:-->', 74, '', 1),
(395, '<!--:ar-->Ø¬Ø±Ø§Ù† ÙƒØ§Ø¨Ø±ÙŠÙˆ<!--:--><!--:en-->GranCabrio<!--:-->', 60, '', 1),
(396, '<!--:ar-->ØºØ¨Ù„ÙŠ<!--:--><!--:en-->Ghibli<!--:-->', 60, '', 1),
(397, '<!--:ar-->Ø£Ø³ 8<!--:--><!--:en-->S8<!--:-->', 74, '', 1),
(398, '<!--:ar-->ØªÙŠ ØªÙŠ <!--:--><!--:en-->TT<!--:-->', 74, '', 1),
(399, '<!--:ar-->ÙƒÙˆØ§ØªØ±ÙˆØ¨ÙˆØ±ØªÙŠ<!--:--><!--:en-->Quattroporte<!--:-->', 60, '', 1),
(400, '<!--:ar-->Ø£ÙˆØ³ØªÙ† Ù…Ø§Ø±ØªÙ†<!--:--><!--:en-->Aston martin<!--:-->', 60, '', 1),
(401, '<!--:ar-->Ø£Ù„ÙÙŠØ±ÙŠ<!--:--><!--:en-->alfieri<!--:-->', 60, '', 1),
(402, '<!--:ar-->Ø¢Ø± Ø£Ø³7<!--:--><!--:en-->RS7<!--:-->', 74, '', 1),
(403, '<!--:ar-->Ø£Ø³7 <!--:--><!--:en-->S 7<!--:-->', 74, '', 1),
(404, '<!--:ar-->Ø£Ø³ 6 <!--:--><!--:en-->S 6<!--:-->', 74, '', 1),
(405, '<!--:ar--> Ø¢Ø± 8 Ø³Ø¨ÙŠØ¯Ø±<!--:--><!--:en-->R8 Spyder<!--:-->', 74, '', 1),
(406, '<!--:ar-->Ø¢Ø± 8 ÙƒÙˆØ¨ÙŠÙ‡<!--:--><!--:en-->R8 Coupe<!--:-->', 74, '', 1),
(407, '<!--:ar-->Ø¯ÙŠ Ø¨ÙŠ 5<!--:--><!--:en-->db5<!--:-->', 62, '', 1),
(408, '<!--:ar-->Ø¯ÙŠ Ø¨ÙŠ 9<!--:--><!--:en-->db9<!--:-->', 62, '', 1),
(409, '<!--:ar-->Ø¯ÙŠ Ø¨ÙŠ 10<!--:--><!--:en-->db10<!--:-->', 62, '', 1),
(410, '<!--:ar-->Ø¯ÙŠ Ø¨ÙŠ 11<!--:--><!--:en-->db11<!--:-->', 62, '', 1),
(411, '<!--:ar-->ÙÙˆÙ„ÙƒØ§Ù†<!--:--><!--:en-->Vulcan<!--:-->', 62, '', 1),
(412, '<!--:ar-->Ù‡ÙˆØ±Ø§ÙƒØ§Ù† <!--:--><!--:en-->Huracan <!--:-->', 69, '', 1),
(413, '<!--:ar-->ÙØ§Ù„ÙƒÙŠØ±ÙŠ<!--:--><!--:en-->Valkyrie<!--:-->', 62, '', 1),
(414, '<!--:ar-->Ø£ÙÙŠÙ†ØªØ§Ø¯ÙˆØ± <!--:--><!--:en-->Aventador <!--:-->', 69, '', 1),
(415, '<!--:ar-->ÙØ§Ù†ÙƒÙŠÙˆØ´<!--:--><!--:en-->Vanquish<!--:-->', 62, '', 1),
(416, '<!--:ar-->ÙØ§Ù†ØªØ§Ù‚<!--:--><!--:en-->Vantage<!--:-->', 62, '', 1),
(417, '<!--:ar-->Ø³ÙŠ ØªÙŠ 6 <!--:--><!--:en-->CT6 <!--:-->', 63, '', 1),
(418, '<!--:ar-->Ø£ÙŠ ØªÙŠ Ø£Ø³<!--:--><!--:en-->ATS<!--:-->', 63, '', 1),
(419, '<!--:ar-->Ø£ÙŠ ØªÙŠ Ø£Ø³ ÙƒÙˆØ¨ÙŠØ© <!--:--><!--:en-->ATS Coupe <!--:-->', 63, '', 1),
(420, '<!--:ar-->Ø³ÙŠ ØªÙŠ Ø£Ø³ <!--:--><!--:en-->CTS<!--:-->', 63, '', 1),
(421, '<!--:ar-->Ø¥ÙƒØ³ ØªÙŠ Ø£Ø³ <!--:--><!--:en-->XTS<!--:-->', 63, '', 1),
(422, '<!--:ar-->200<!--:--><!--:en-->200<!--:-->', 64, '', 1),
(423, '<!--:ar-->Ø§Ø³ÙƒØ§Ù„ÙŠØ¯ <!--:--><!--:en-->Escalade <!--:-->', 63, '', 1),
(424, '<!--:ar-->300 Ø³ÙŠ<!--:--><!--:en-->300C<!--:-->', 64, '', 1),
(425, '<!--:ar-->Ø¥ÙƒØ³ ØªÙŠ 5<!--:--><!--:en-->XT5<!--:-->', 63, '', 1),
(426, '<!--:ar-->Ø¬Ø±Ø§Ù†Ø¯ ÙÙˆÙŠØ§Ø¬Ø±<!--:--><!--:en-->Grand Voyager<!--:-->', 64, '', 1),
(427, '<!--:ar-->Ø±Ø§Ù… <!--:--><!--:en-->RAM <!--:-->', 67, '', 1),
(428, '<!--:ar-->Ø¯ÙˆØ±Ø§Ù†Ø¬Ùˆ <!--:--><!--:en-->Durango<!--:-->', 67, '', 1),
(429, '<!--:ar-->ØªØ´Ø§Ø±Ø¬Ø± <!--:--><!--:en-->Charger <!--:-->', 67, '', 1),
(430, '<!--:ar-->ØªØ´Ø§Ù„Ù†Ø¬Ø± <!--:--><!--:en-->Challenger <!--:-->', 67, '', 1),
(431, '<!--:ar-->ÙØ§ÙŠØ¨Ø± <!--:--><!--:en-->Viper <!--:-->', 67, '', 1),
(432, '<!--:ar-->Ø³ÙŠ 1<!--:--><!--:en-->C1<!--:-->', 65, '', 1),
(433, '<!--:ar-->Ø³ÙŠ 2<!--:--><!--:en-->C2<!--:-->', 65, '', 1),
(434, '<!--:ar-->Ù†ÙŠÙˆÙ† <!--:--><!--:en-->Neon <!--:-->', 67, '', 1),
(435, '<!--:ar-->Ø³ÙŠ 3<!--:--><!--:en-->C3<!--:-->', 65, '', 1),
(436, '<!--:ar-->Ø¯Ø§Ø±Øª <!--:--><!--:en-->Dart <!--:-->', 67, '', 1),
(437, '<!--:ar-->Ø³ÙŠ 4<!--:--><!--:en-->C4<!--:-->', 65, '', 1),
(438, '<!--:ar-->Ø¯ÙŠ Ø¥Ø³ 3<!--:--><!--:en-->DS3<!--:-->', 65, '', 1),
(439, '<!--:ar-->Ø¯ÙŠ Ø¥Ø³ 5<!--:--><!--:en-->DS5<!--:-->', 65, '', 1),
(440, '<!--:ar-->ÙƒØ§ÙƒØªÙˆØ³<!--:--><!--:en-->Cactus<!--:-->', 65, '', 1),
(441, '<!--:ar-->Ø¬ÙˆØ³Øª <!--:--><!--:en-->Ghost<!--:-->', 70, '', 1),
(442, '<!--:ar-->Ø±ÙŠØ«<!--:--><!--:en-->Wraith<!--:-->', 70, '', 1),
(443, '<!--:ar-->ÙØ§Ù†ØªÙˆÙ…<!--:--><!--:en-->Phantom<!--:-->', 70, '', 1),
(444, '<!--:ar-->ÙØ§Ù†ØªÙˆÙ… ÙƒÙˆØ¨ÙŠØ© <!--:--><!--:en-->Phantom Coupe<!--:-->', 70, '', 1),
(445, '<!--:ar-->500 Ø¥ÙƒØ³<!--:--><!--:en-->500X<!--:-->', 68, '', 1),
(446, '<!--:ar-->500 Ø£Ù„<!--:--><!--:en-->500L<!--:-->', 68, '', 1),
(447, '<!--:ar-->500<!--:--><!--:en-->500<!--:-->', 68, '', 1),
(448, '<!--:ar-->500 Ø³ÙŠ<!--:--><!--:en-->500C<!--:-->', 68, '', 1),
(449, '<!--:ar-->ØªÙŠØ±ÙŠÙˆØ³<!--:--><!--:en-->Terios<!--:-->', 66, '', 1),
(450, '<!--:ar-->ÙÙŠØ§Øª <!--:--><!--:en-->Fiat<!--:-->', 68, '', 1),
(451, '<!--:ar-->Ø³ÙŠØ¬Ø±Ø§<!--:--><!--:en-->Sigra<!--:-->', 66, '', 1),
(452, '<!--:ar-->ÙƒÙˆØ¨ÙŠÙ†<!--:--><!--:en-->Copen<!--:-->', 66, '', 1),
(453, '<!--:ar-->Ø³ÙŠØ±ÙŠÙˆÙ†<!--:--><!--:en-->Sirion<!--:-->', 66, '', 1),
(454, '<!--:ar-->Ù…ÙŠØ±Ø§<!--:--><!--:en-->Mira<!--:-->', 66, '', 1),
(455, '<!--:ar-->Ù‡Ø§ÙŠØ¬ÙŠØª<!--:--><!--:en-->Hijet<!--:-->', 66, '', 1),
(456, '<!--:ar-->Ø£ÙŠÙ„Ø§<!--:--><!--:en-->Ayla<!--:-->', 66, '', 1),
(457, '<!--:ar-->Ø¬Ø±Ø§Ù†Ø¯ ÙÙŠØªØ§Ø±Ø§<!--:--><!--:en--> Grand Vitara <!--:-->', 72, '', 1),
(458, '<!--:ar-->Ø¥Ø±ØªÙŠØ¬Ø§<!--:--><!--:en--> Ertiga<!--:-->', 72, '', 1),
(459, '<!--:ar--> Ø³ÙŠÙ„ÙŠØ±ÙŠÙˆ <!--:--><!--:en-->Celerio <!--:-->', 72, '', 1),
(460, '<!--:ar-->Ø£ÙŠ Ø¨ÙŠ ÙÙŠ<!--:--><!--:en-->APV <!--:-->', 72, '', 1),
(461, '<!--:ar-->Ø³ÙˆÙŠÙØª Ø¯ÙŠØ²Ø§ÙŠØ±<!--:--><!--:en-->Swift dZire<!--:-->', 72, '', 1),
(462, '<!--:ar-->Ø³ÙˆÙŠÙØª <!--:--><!--:en-->Swift <!--:-->', 72, '', 1),
(463, '<!--:ar-->ÙƒÙŠØ²Ø§Ø´ÙŠ <!--:--><!--:en-->Kizashi <!--:-->', 72, '', 1),
(464, '<!--:ar-->Ø¬Ù…Ù†ÙŠ <!--:--><!--:en-->Jimny <!--:-->', 72, '', 1),
(465, '<!--:ar-->ÙÙŠØªØ§Ø±Ø§ <!--:--><!--:en-->Vitara <!--:-->', 72, '', 1),
(466, '<!--:ar-->Ø£Ø³ Ø¥ÙƒØ³ 4<!--:--><!--:en-->SX4 <!--:-->', 72, '', 1),
(467, '<!--:ar-->Ù„ÙŠØ¬Ø§Ø³ÙŠ<!--:--><!--:en-->Legacy <!--:-->', 71, '', 1),
(468, '<!--:ar-->Ø§Ù…Ø¨Ø±ÙŠØ²Ø§<!--:--><!--:en-->Impreza <!--:-->', 71, '', 1),
(469, '<!--:ar-->ÙÙˆØ±Ø³ØªØ±<!--:--><!--:en-->Forester <!--:-->', 71, '', 1),
(470, '<!--:ar-->Ø¨ÙŠ Ø¢Ø± Ø²ÙŠ<!--:--><!--:en-->BRZ<!--:-->', 71, '', 1),
(471, '<!--:ar-->Ø£ÙˆØªØ¨Ø§Ùƒ <!--:--><!--:en-->Outback<!--:-->', 71, '', 1),
(472, '<!--:ar-->ØªØ±ÙŠØ¨ÙŠÙƒØ§<!--:--><!--:en--> WRX<!--:-->', 71, '', 1),
(473, '<!--:ar-->Ø§ÙƒØ³ ÙÙŠ<!--:--><!--:en--> XV<!--:-->', 71, '', 1);

-- --------------------------------------------------------

--
-- Table structure for table `category`
--

CREATE TABLE `category` (
  `id_ss` int(11) NOT NULL,
  `code_ss` varchar(150) NOT NULL,
  `value_ss` mediumtext NOT NULL,
  `type_ss` varchar(50) NOT NULL
) ENGINE=InnoDB DEFAULT CHARSET=latin1;

--
-- Dumping data for table `category`
--

INSERT INTO `category` (`id_ss`, `code_ss`, `value_ss`, `type_ss`) VALUES
(1, '<!--:ar-->Ø§Ù„Ø³ÙŠØ§Ø±Ø§Øª<!--:--><!--:en-->Cars<!--:-->', '', ''),
(2, '<!--:ar-->Ù„ÙˆØ­Ø§Øª Ø§Ù„Ø³ÙŠØ§Ø±Ø§Øª<!--:--><!--:en-->Car plate<!--:-->', '', ''),
(3, '<!--:ar-->Ø§Ø±Ù‚Ø§Ù… Ø§Ù„Ø¬ÙˆØ§Ù„Ø§Øª<!--:--><!--:en-->Mobile number<!--:-->', '', ''),
(4, '<!--:ar-->Ø¯Ø±Ø§Ø¬Ø§Øª Ù†Ø§Ø±ÙŠØ©<!--:--><!--:en-->Motorcycles<!--:-->', '', '');

-- --------------------------------------------------------

--
-- Table structure for table `category_list`
--

CREATE TABLE `category_list` (
  `id_cl` int(11) NOT NULL,
  `category_id` int(11) NOT NULL,
  `option_id` int(11) NOT NULL,
  `order_cl` int(11) NOT NULL
) ENGINE=InnoDB DEFAULT CHARSET=latin1;

--
-- Dumping data for table `category_list`
--

INSERT INTO `category_list` (`id_cl`, `category_id`, `option_id`, `order_cl`) VALUES
(11, 1, 15, 4),
(12, 1, 16, 1),
(13, 1, 17, 13),
(14, 1, 18, 7),
(15, 1, 19, 15),
(16, 1, 20, 2),
(17, 1, 21, 5),
(18, 1, 22, 3),
(19, 1, 23, 6),
(20, 1, 24, 10),
(21, 1, 26, 11),
(22, 1, 27, 9),
(23, 1, 28, 12),
(24, 1, 29, 14),
(26, 2, 17, 2),
(27, 2, 19, 10),
(30, 2, 24, 6),
(31, 2, 26, 7),
(32, 2, 27, 3),
(33, 2, 28, 8),
(34, 2, 29, 9),
(35, 1, 30, 0),
(36, 2, 30, 0),
(37, 1, 31, 7),
(38, 1, 32, 7),
(39, 1, 33, 4),
(42, 1, 36, 7),
(43, 1, 37, 7),
(46, 1, 40, 7),
(47, 1, 41, 7),
(51, 1, 45, 10),
(52, 2, 46, 4),
(53, 3, 17, 2),
(54, 3, 19, 9),
(55, 3, 24, 4),
(56, 3, 26, 7),
(57, 3, 27, 5),
(58, 3, 28, 6),
(59, 3, 30, 1),
(60, 3, 47, 2),
(61, 3, 48, 3),
(62, 4, 15, 3),
(63, 4, 17, 2),
(64, 4, 18, 6),
(65, 4, 19, 13),
(66, 4, 20, 4),
(67, 4, 21, 8),
(68, 4, 22, 7),
(69, 4, 24, 10),
(70, 4, 26, 11),
(71, 4, 28, 9),
(72, 4, 29, 12),
(73, 4, 30, 1),
(74, 4, 45, 5);

-- --------------------------------------------------------

--
-- Table structure for table `chat`
--

CREATE TABLE `chat` (
  `id` int(10) UNSIGNED NOT NULL,
  `from` varchar(255) COLLATE utf8_bin NOT NULL DEFAULT '',
  `to` varchar(255) COLLATE utf8_bin NOT NULL DEFAULT '',
  `message` text COLLATE utf8_bin NOT NULL,
  `sent` datetime NOT NULL DEFAULT CURRENT_TIMESTAMP,
  `recd` int(10) UNSIGNED NOT NULL DEFAULT '0'
) ENGINE=MyISAM DEFAULT CHARSET=utf8 COLLATE=utf8_bin;

--
-- Dumping data for table `chat`
--

INSERT INTO `chat` (`id`, `from`, `to`, `message`, `sent`, `recd`) VALUES
(1, 'Abdulaziz', 'Abdulaziz', 'fsd', '2017-12-31 13:07:40', 1),
(2, 'Abdulaziz', 'Abdulaziz', 'Ø³Ù„Ø§Ù…', '2017-12-31 15:28:07', 1),
(3, 'admin', 'Abdulaziz', 'ihd', '2017-12-31 15:41:38', 1),
(4, 'admin', 'Abdulaziz', 'df', '2017-12-31 15:44:49', 1),
(5, 'admin', 'admin', 'sfdfsd', '2017-12-31 15:45:03', 0),
(6, 'admin', 'admin', 'fsdf', '2017-12-31 15:45:05', 0),
(7, 'admin', 'admin', 'sdf', '2017-12-31 15:45:06', 0),
(8, 'admin', 'admin', 'sdf', '2017-12-31 15:45:07', 0),
(9, 'admin', 'admin', 'dfsdf', '2017-12-31 15:45:08', 0),
(10, 'admin', 'admin', 'fsdfsdf', '2017-12-31 15:45:09', 0),
(11, 'admin', 'admin', 'sdf', '2017-12-31 15:45:10', 0),
(12, 'admin', 'admin', 'df', '2017-12-31 15:45:11', 0);

-- --------------------------------------------------------

--
-- Table structure for table `city`
--

CREATE TABLE `city` (
  `id_c` int(11) NOT NULL,
  `name_c` varchar(200) NOT NULL,
  `sub_c` int(11) NOT NULL,
  `code_c` varchar(10) NOT NULL
) ENGINE=InnoDB DEFAULT CHARSET=latin1;

--
-- Dumping data for table `city`
--

INSERT INTO `city` (`id_c`, `name_c`, `sub_c`, `code_c`) VALUES
(1, '<!--:ar-->Ø§Ù„Ù…Ù…Ù„ÙƒØ© Ø§Ù„Ø¹Ø±Ø¨ÙŠØ© Ø§Ù„Ø³Ø¹ÙˆØ¯ÙŠØ©<!--:--><!--:en-->Saudi Arabia<!--:-->', 0, 'sa'),
(5, '<!--:ar-->Ù…ÙƒØ© Ø§Ù„Ù…ÙƒØ±Ù…Ø© <!--:--><!--:en-->Mecca<!--:-->', 1, ''),
(18, '<!--:ar-->Ø§Ù„Ø±ÙŠØ§Ø¶<!--:--><!--:en-->Riyadh<!--:-->', 1, ''),
(19, '<!--:ar-->Ø§Ù„Ø¯Ù…Ø§Ù…<!--:--><!--:en-->Dammam<!--:-->', 1, ''),
(20, '<!--:ar-->Ø§Ù„Ù…Ø¯ÙŠÙ†Ø© Ø§Ù„Ù…Ù†ÙˆØ±Ø©<!--:--><!--:en-->Madenah<!--:-->', 1, ''),
(25, '<!--:ar-->Ø¬Ø¯Ø©<!--:--><!--:en-->Jeddah<!--:-->', 1, ''),
(26, '<!--:ar-->ÙŠÙ†Ø¨Ø¹<!--:--><!--:en-->Yanbua<!--:-->', 1, ''),
(27, '<!--:ar-->Ø§Ù„Ø·Ø§Ø¦Ù<!--:--><!--:en-->Taef<!--:-->', 1, ''),
(28, '<!--:ar-->Ø§Ù„Ù‚Ù†ÙØ°Ø©<!--:--><!--:en-->Qunfothah<!--:-->', 1, ''),
(29, '<!--:ar-->Ø­Ø§Ø¦Ù„ <!--:--><!--:en-->Hail<!--:-->', 1, ''),
(30, '<!--:ar-->Ø¨Ù‚Ø¹Ø§Ø¡ <!--:--><!--:en-->BAGAA<!--:-->', 1, ''),
(32, '<!--:ar-->Ø§Ù„ØºØ²Ø§Ù„Ø© <!--:--><!--:en-->Ghazali<!--:-->', 1, ''),
(33, '<!--:ar-->Ø§Ù„Ø´Ù†Ø§Ù† <!--:--><!--:en-->Alshinan<!--:-->', 1, ''),
(34, '<!--:ar-->Ø§Ù„Ø´Ù…Ù„ÙŠ <!--:--><!--:en-->Al ShamliÙ<!--:-->', 1, ''),
(36, '<!--:ar-->Ø§Ù„Ø­Ø§ÙŠØ·<!--:--><!--:en-->Al Hayat<!--:-->', 1, ''),
(37, '<!--:ar-->Ø¨Ø±ÙŠØ¯Ø©<!--:--><!--:en-->Buraidah<!--:-->', 1, ''),
(38, '<!--:ar-->Ø¹Ù†ÙŠØ²Ø©<!--:--><!--:en-->Onaiza<!--:-->', 1, ''),
(39, '<!--:ar-->Ø§Ù„Ø±Ø³ <!--:--><!--:en-->ÙAl rassÙ<!--:-->', 1, ''),
(40, '<!--:ar-->Ø§Ù„Ø®Ø±Ø¬ <!--:--><!--:en-->AL kharj<!--:-->', 1, ''),
(41, '<!--:ar-->ÙˆØ§Ø¯ÙŠ Ø§Ù„Ø¯ÙˆØ§Ø³Ø± <!--:--><!--:en-->Wadi al-Dawasir<!--:-->', 1, ''),
(42, '<!--:ar-->Ø§Ù„Ù…Ø²Ø§Ø­Ù…ÙŠØ© <!--:--><!--:en-->Muzahmieh<!--:-->', 1, ''),
(43, '<!--:ar-->Ø§Ù„Ù‚ÙˆÙŠØ¹ÙŠØ© <!--:--><!--:en-->Al Quayeyah<!--:-->', 1, ''),
(44, '<!--:ar-->Ø§Ù„Ø£ÙÙ„Ø§Ø¬ <!--:--><!--:en-->Aflaj<!--:-->', 1, ''),
(45, '<!--:ar-->Ø§Ù„Ù†Ø¹ÙŠØ±ÙŠØ© <!--:--><!--:en-->Al Ni\'aireyah<!--:-->', 1, ''),
(46, '<!--:ar-->Ø§Ù„Ø®Ø¨Ø± <!--:--><!--:en-->Khobar<!--:-->', 1, ''),
(47, '<!--:ar-->Ø§Ù„Ø£Ø­Ø³Ø§Ø¡ <!--:--><!--:en-->Al Hasa<!--:-->', 1, ''),
(48, '<!--:ar-->Ø§Ù„Ù‚Ø·ÙŠÙ <!--:--><!--:en-->Al Qatif<!--:-->', 1, ''),
(49, '<!--:ar-->Ø§Ù„Ù‡ÙÙˆÙ <!--:--><!--:en-->Al Hofuf<!--:-->', 1, ''),
(50, '<!--:ar-->Ø§Ù„Ø¸Ù‡Ø±Ø§Ù† <!--:--><!--:en-->Dhahran<!--:-->', 1, ''),
(51, '<!--:ar-->Ø§Ù„Ø¬Ø¨ÙŠÙ„ <!--:--><!--:en-->ÙAl Jubail<!--:-->', 1, ''),
(52, '<!--:ar-->Ø§Ù„Ø®ÙØ¬ÙŠ<!--:--><!--:en-->Khafji<!--:-->', 1, ''),
(53, '<!--:ar-->Ø­ÙØ± Ø§Ù„Ø¨Ø§Ø·Ù† <!--:--><!--:en-->Hafr Al Batin<!--:-->', 1, ''),
(54, '<!--:ar-->Ø§Ù„Ù‚ÙŠØµÙˆÙ…Ø© <!--:--><!--:en-->Qaisumah<!--:-->', 1, ''),
(55, '<!--:ar-->Ø±ÙØ­Ø§Ø¡<!--:--><!--:en-->Rafha<!--:-->', 1, ''),
(56, '<!--:ar-->Ø¹Ø±Ø¹Ø±<!--:--><!--:en-->Arar<!--:-->', 1, ''),
(57, '<!--:ar-->Ø·Ø±ÙŠÙ <!--:--><!--:en-->Tarif<!--:-->', 1, ''),
(58, '<!--:ar-->Ø§Ù„Ù‚Ø±ÙŠØ§Øª <!--:--><!--:en-->qurayyat<!--:-->', 1, ''),
(59, '<!--:ar-->Ø·Ø¨Ø±Ø¬Ù„ <!--:--><!--:en-->Tabargal<!--:-->', 1, ''),
(60, '<!--:ar-->Ø³ÙƒØ§ÙƒØ§<!--:--><!--:en-->Skaka<!--:-->', 1, ''),
(61, '<!--:ar-->ØªØ¨ÙˆÙƒ<!--:--><!--:en-->Tabuk<!--:-->', 1, ''),
(62, '<!--:ar-->Ø§Ù„Ø¹Ù„Ø§<!--:--><!--:en-->Al Ula<!--:-->', 1, ''),
(63, '<!--:ar-->Ø¯ÙˆÙ…Ø© Ø§Ù„Ø¬Ù†Ø¯Ù„ <!--:--><!--:en-->Dumat al-Jandal<!--:-->', 1, ''),
(64, '<!--:ar-->Ø§Ù„Ø®Ø±Ù…Ø© <!--:--><!--:en-->Al khurma <!--:-->', 1, ''),
(65, '<!--:ar-->Ø§Ù„Ø¨Ø§Ø­Ø© <!--:--><!--:en-->Al Bahah<!--:-->', 1, ''),
(66, '<!--:ar-->Ø¨Ù„Ø¬Ø±Ø´ÙŠ <!--:--><!--:en-->Baljurashi<!--:-->', 1, ''),
(68, '<!--:ar-->Ø§Ù„Ù…Ø®ÙˆØ§Ø© <!--:--><!--:en-->Al Mahwah<!--:-->', 1, ''),
(69, '<!--:ar-->Ø§Ù„Ù„ÙŠØ« <!--:--><!--:en-->Al Lith<!--:-->', 1, ''),
(70, '<!--:ar-->Ø¨ÙŠØ´Ø©<!--:--><!--:en-->Bisha<!--:-->', 1, ''),
(71, '<!--:ar-->Ø§Ù„Ù†Ù…Ø§Øµ <!--:--><!--:en-->Al Namas<!--:-->', 1, ''),
(72, '<!--:ar-->Ø£Ø¨Ù‡Ø§<!--:--><!--:en-->Abha<!--:-->', 1, ''),
(73, '<!--:ar-->Ø®Ù…ÙŠØ³ Ù…Ø´ÙŠØ·<!--:--><!--:en-->Khamis Mushait<!--:-->', 1, ''),
(74, '<!--:ar-->Ù…Ø­Ø§ÙŠÙ„ Ø¹Ø³ÙŠØ± <!--:--><!--:en-->Muhal Asir<!--:-->', 1, ''),
(75, '<!--:ar-->Ø¬Ø§Ø²Ø§Ù† <!--:--><!--:en-->Jizan<!--:-->', 1, ''),
(76, '<!--:ar-->Ø£Ø¨ÙˆØ¹Ø±ÙŠØ´ <!--:--><!--:en-->Abu Arish<!--:-->', 1, ''),
(77, '<!--:ar-->ØµØ¨ÙŠØ§ <!--:--><!--:en-->Sabya<!--:-->', 1, ''),
(78, '<!--:ar-->ØµØ§Ù…Ø·Ø© <!--:--><!--:en-->Samtah<!--:-->', 1, ''),
(79, '<!--:ar-->Ø£Ø­Ø¯ Ø§Ù„Ù…Ø³Ø§Ø±Ø­Ù‡ <!--:--><!--:en-->Ahad Almasarihah<!--:-->', 1, ''),
(80, '<!--:ar-->Ù†Ø¬Ø±Ø§Ù† <!--:--><!--:en-->Najran<!--:-->', 1, ''),
(81, '<!--:ar-->Ø´Ø±ÙˆØ±Ø©<!--:--><!--:en-->Sharurah<!--:-->', 1, ''),
(82, '<!--:ar-->ØªØ«Ù„ÙŠØ« <!--:--><!--:en-->Tathlith <!--:-->', 1, ''),
(83, '<!--:ar-->Ø³Ø¨Øª Ø§Ù„Ø¹Ù„Ø§ÙŠØ©<!--:--><!--:en-->Sabt Al Alaya<!--:-->', 1, ''),
(84, '<!--:ar-->Ø±Ù†ÙŠØ© <!--:--><!--:en-->Rania<!--:-->', 1, ''),
(85, '<!--:ar-->Ø­ÙˆØ·Ø© Ø¨Ù†ÙŠ ØªÙ…ÙŠÙ… <!--:--><!--:en-->Hotat Bani Tamim<!--:-->', 1, ''),
(86, '<!--:ar-->Ø±Ø§Ø³ ØªÙ†ÙˆØ±Ø©<!--:--><!--:en-->Ras Tanura<!--:-->', 1, ''),
(87, '<!--:ar-->Ø¨Ù‚ÙŠÙ‚ <!--:--><!--:en-->Abqaiq<!--:-->', 1, ''),
(88, '<!--:ar-->ØªÙ…ÙŠØ± <!--:--><!--:en-->Tamir<!--:-->', 1, ''),
(89, '<!--:ar-->Ø§Ù„Ø­Ø±ÙŠÙ‚ <!--:--><!--:en-->ÙAl hariq<!--:-->', 1, ''),
(90, '<!--:ar-->Ø´Ù‚Ø±Ø§Ø¡<!--:--><!--:en-->shuqara<!--:-->', 1, ''),
(91, '<!--:ar-->Ø§Ù„Ø¯ÙˆØ§Ø¯Ù…ÙŠ <!--:--><!--:en-->Al Dawadmi<!--:-->', 1, ''),
(92, '<!--:ar-->Ø¹ÙÙŠÙ <!--:--><!--:en-->Afif<!--:-->', 1, ''),
(93, '<!--:ar-->Ø­Ù‚Ù„ <!--:--><!--:en-->haql<!--:-->', 1, ''),
(95, '<!--:ar-->Ø§Ù„Ø¥Ù…Ø§Ø±Ø§Øª Ø§Ù„Ø¹Ø±Ø¨ÙŠØ© Ø§Ù„Ù…ØªØ­Ø¯Ø©<!--:--><!--:en-->United Arab Emarites<!--:-->', 0, 'ae'),
(96, '<!--:ar-->Ø¯Ø¨ÙŠ<!--:--><!--:en-->Dubai<!--:-->', 95, ''),
(97, '<!--:ar-->Ø§Ù„Ø´Ø§Ø±Ù‚Ø©<!--:--><!--:en-->Sharjah<!--:-->', 95, '06'),
(98, '<!--:ar-->Ø¯Ø¨ÙŠ<!--:--><!--:en-->Dubai<!--:-->', 95, '232'),
(99, '<!--:ar-->Ø¹Ø¬Ù…Ø§Ù†<!--:--><!--:en-->Ajman<!--:-->', 95, '066'),
(100, '<!--:ar-->Ø±Ø£Ø³ Ø§Ù„Ø®ÙŠÙ…Ø©<!--:--><!--:en-->Rak<!--:-->', 95, '07'),
(101, '<!--:ar-->Ø§Ù„ÙØ¬ÙŠØ±Ø©<!--:--><!--:en-->Fujerah<!--:-->', 95, '09'),
(102, '<!--:ar-->Ø¹Ù…Ø§Ù†<!--:--><!--:en-->Oman<!--:-->', 0, ''),
(103, '<!--:ar-->Ù…Ø³Ù‚Ø·<!--:--><!--:en-->Musqat<!--:-->', 102, '');

-- --------------------------------------------------------

--
-- Table structure for table `code_active`
--

CREATE TABLE `code_active` (
  `id_a` int(11) NOT NULL,
  `user_a` varchar(50) NOT NULL,
  `code_a` varchar(70) NOT NULL,
  `type_a` varchar(20) NOT NULL,
  `timeend_a` int(11) NOT NULL
) ENGINE=InnoDB DEFAULT CHARSET=latin1;

--
-- Dumping data for table `code_active`
--

INSERT INTO `code_active` (`id_a`, `user_a`, `code_a`, `type_a`, `timeend_a`) VALUES
(1, 'www', 'af3a50720757addac7c741a43b84b03bc6391d773d9e6b4bdd13948f63bfa62f', 'activeuser', 1406325823),
(2, '20', 'a7e82e328f77220b4e358d04061f1f7c107f5e9801e9e36c83499bcc2529f6c4', 'activeuser', 1433130131),
(3, '21', 'e51e559b74bcf1b058190861ea8dc08cde21dc92d9feef4eee27d1749b04b5d9', 'activeuser', 1433132905),
(4, '22', '3a910794a02798e609bcd6013c8aa66665d43687d0e304a13fc24af28c59ec2b', 'activeuser', 1433961700),
(5, '23', '3dd5650a77a809000d667e4476049ea3a6b0bb816b774d61a783a5cdea8007be', 'activeuser', 1439423181),
(6, 'ahmed', '368c96380472367e8439eb59b14be2dc71686b6961e9fbe5f20c659590c1f938', 'repass', 1439945192),
(7, 'ahmed', '022eb93c626526dde870c4d9709b441b7a4308e67c64295bedae60459057ecfa', 'repass', 1439946214),
(8, 'ahmed', 'aad176805c1623a49f70bdf664dd0feff6f0be10cad1ab92795720a5f6521516', 'repass', 1439946675),
(9, '24', '6a9ae79c8751b64102d6a7ddcf46f68a223ba4b2589b295312fedd3bbbb1506d', 'activeuser', 1440102449),
(10, '25', 'c5e9dd28eda15e2f7169d440a99c9a7b89287660df19e7ad9899c76fa5a4f33d', 'activeuser', 1440104378),
(11, '26', '99583ebacf0a3383bdb767fc597d1ab121edec26215ee82beb8d196a4587fa4a', 'activeuser', 1440112431),
(12, '27', 'a9d2ff2a102973fb4000a5f781b1e5e426f9082eb5395d813379beda3f4a3a17', 'activeuser', 1488467048),
(14, 'Ahmad.Aljabri', 'ed8f030b16c6a7acd6b36edad1c7fc29d8284cf13d4de36090d777359882e396', 'repass', 1489849678),
(15, '29', 'def2b3f7336860d7cc9ae764b79b54e92e5d4b5086681e8a2fd8d8a219b79090', 'activeuser', 1491142122),
(16, '30', 'e73abc23bc6ac740a3e7cdbafe6d30051680264e0ba39e930f12e0de410ac0d4', 'activeuser', 1491149498),
(17, '31', 'de09ca95ef4cc3ff2d5f401c50bc983de9ef2128b1d7dffa717fd328e7988b47', 'activeuser', 1491345237),
(18, '32', 'c74d7d8c8e11257bae24377c6b9f52bdca83c197c98b62e46db893c3128deb16', 'activeuser', 1491407591),
(19, '33', 'b026b543ce68692ff1624615d7f0fc8a4e9bdcc166679bd41229433804d2c2e1', 'activeuser', 1491842492);

-- --------------------------------------------------------

--
-- Table structure for table `comments`
--

CREATE TABLE `comments` (
  `id_com` int(11) NOT NULL,
  `title_com` varchar(40) NOT NULL,
  `subject_com` text NOT NULL,
  `ip_com` varchar(30) NOT NULL,
  `id_user` int(11) NOT NULL,
  `id_car` int(11) NOT NULL,
  `time_com` varchar(20) NOT NULL,
  `act_com` int(11) NOT NULL,
  `name_com` varchar(60) NOT NULL,
  `email_com` varchar(60) NOT NULL
) ENGINE=InnoDB DEFAULT CHARSET=latin1;

--
-- Dumping data for table `comments`
--

INSERT INTO `comments` (`id_com`, `title_com`, `subject_com`, `ip_com`, `id_user`, `id_car`, `time_com`, `act_com`, `name_com`, `email_com`) VALUES
(1, 'saad', 'skdjfhasd', '1', 1, 36, '0000-00-00 00:00:00', 1, '', ''),
(2, 'zxcvz', 'xcvzcxvzxcv', '', 9, 0, '1428355939', 1, '', ''),
(3, 'Sdsdfgsfdg', 'fgsdfgsdfg', '', 9, 0, '1428355968', 1, '', ''),
(4, 'sadfasd', 'fadsfadfasdf', '', 9, 0, '1428356035', 1, '', ''),
(5, 'eeeeeeeeeeeeeee', 'eeeeeeeeeeeeeeeeeeeeee', '', 9, 0, '1428356054', 1, '', ''),
(6, 'dddddddddddd', 'dddddddddddddd', '', 9, 0, '1428356083', 1, '', ''),
(7, 'Ø³ÙŠØ¨Ù„Ø³ÙŠØ¨', 'Ù„Ø³ÙŠØ¨Ù„Ø³Ø¨ÙŠÙ„Ø³Ø¨Ù„', '', 9, 36, '1428356272', 1, '', ''),
(8, 'ddddddddddddd', 'ddddddddddd', '', 0, 36, '1428357574', 1, 'ddddd', 'dddddddddddddddddddddddddd'),
(9, 'FORUMHOME', 'dfsfffffffffffff', '', 0, 36, '1428358134', 1, 'Ø³Ø¹Ø¯ Ø­Ø§Ù…Ø¯', 'elandalscom@gmail.com'),
(10, 'FORUMHOME', 'ttttttttttttttttttttttttt', '', 0, 36, '1428358359', 1, 'motqen', 'elandalscom@gmail.com'),
(11, 'dsfgsdf', 'gsdfgsdfgsdf', '', 9, 36, '1428362390', 1, '', ''),
(12, 'dfasdfasdf', 'asdfasdfadsf', '', 9, 36, '1428362497', 1, '0', '0'),
(13, 'hjhgjh', 'jhghhhhhhhhhhhhhhhh', '', 9, 29, '1428423935', 1, '0', '0'),
(14, 'ØªØ¬Ø±Ø¨Ø© Ø§Ù„ØªØ¹Ù„ÙŠÙ‚', 'ØªØ¬Ø±Ø¨Ø© Ù‡Ù†Ø§ ', '', 23, 54, '1505074978', 1, '0', '0');

-- --------------------------------------------------------

--
-- Table structure for table `groups`
--

CREATE TABLE `groups` (
  `id_g` int(11) NOT NULL,
  `name_g` varchar(50) CHARACTER SET utf8 COLLATE utf8_unicode_ci NOT NULL,
  `permissions` text NOT NULL
) ENGINE=InnoDB DEFAULT CHARSET=latin1;

--
-- Dumping data for table `groups`
--

INSERT INTO `groups` (`id_g`, `name_g`, `permissions`) VALUES
(1, 'العضوية العادية', '{"user":1}'),
(2, 'ادارى', '{"admin":1}');

-- --------------------------------------------------------

--
-- Table structure for table `mazad`
--

CREATE TABLE `mazad` (
  `mazad_id` int(11) NOT NULL,
  `user_id` int(11) NOT NULL,
  `cars_id` int(11) NOT NULL,
  `price_mazad` float(10,0) NOT NULL,
  `comment_mazad` varchar(200) NOT NULL,
  `status_mazad` int(11) NOT NULL,
  `time_mazad` int(11) NOT NULL
) ENGINE=InnoDB DEFAULT CHARSET=latin1;

--
-- Dumping data for table `mazad`
--

INSERT INTO `mazad` (`mazad_id`, `user_id`, `cars_id`, `price_mazad`, `comment_mazad`, `status_mazad`, `time_mazad`) VALUES
(1, 19, 37, 23, '', 1, 1488055558),
(2, 19, 37, 12, '', 1, 1488056100),
(3, 19, 37, 12, '', 1, 1488056105),
(4, 19, 37, 12, '', 1, 1488056108),
(5, 19, 37, 12, '', 1, 1488056139),
(6, 19, 42, 2, '', 1, 1488056421),
(7, 19, 42, 43, '', 1, 1488056465),
(8, 19, 42, 444, '', 1, 1488056500),
(9, 19, 42, 333, '', 1, 1488056652),
(10, 19, 42, 33, '', 1, 1488057014),
(11, 19, 42, 1950, '', 1, 1488057047),
(12, 23, 37, 500, '', 1, 1488058662),
(13, 23, 37, 550, '', 1, 1488059012),
(14, 23, 42, 16, '', 1, 1488059555),
(15, 8, 44, 250, '', 1, 1488118676),
(16, 23, 44, 300, '', 2, 1488118716),
(17, 8, 44, 310, '', 2, 1488118819),
(18, 8, 44, 150, '', 2, 1488119485),
(19, 23, 44, 33, '', 2, 1488126627),
(20, 23, 43, 44, '', 1, 1488128938),
(21, 23, 37, 1234444, '', 1, 1488133707),
(22, 23, 45, 15500, '', 1, 1488508323),
(23, 8, 45, 16000, '', 2, 1488508519),
(24, 23, 44, 400, '', 2, 1490686205),
(25, 28, 46, 200, '', 1, 1491150556),
(26, 28, 46, 15200, '', 2, 1491150609),
(27, 23, 47, 100, '', 1, 1491159080),
(28, 23, 47, 90, '', 1, 1491159089),
(29, 23, 47, 90, '', 1, 1491159148),
(30, 23, 47, 101, '', 1, 1491159186),
(31, 23, 47, 103, '', 1, 1491159338),
(32, 28, 47, 104, '', 1, 1491161701),
(33, 28, 48, 20500, '', 1, 1491161815),
(34, 28, 48, 21000, '', 2, 1491161896),
(35, 30, 47, 119, '', 1, 1491162038),
(36, 23, 47, 120, '', 1, 1491162330),
(37, 30, 47, 121, '', 1, 1491162522),
(38, 30, 50, 16000, '', 1, 1491413315),
(39, 33, 51, 12000, '', 1, 1492111207),
(40, 34, 51, 13000, '', 1, 1492111327);

-- --------------------------------------------------------

--
-- Table structure for table `old_chat`
--

CREATE TABLE `old_chat` (
  `id_chat` int(11) NOT NULL,
  `user_id` int(11) NOT NULL,
  `sender_id` int(11) NOT NULL,
  `send_id` int(11) NOT NULL,
  `message_chat` text NOT NULL,
  `time_chat` timestamp NOT NULL DEFAULT CURRENT_TIMESTAMP,
  `title_chat` varchar(100) NOT NULL,
  `type_chat` varchar(15) NOT NULL,
  `status_chat` int(11) NOT NULL,
  `sub_id` int(11) NOT NULL,
  `mazad_id` int(11) NOT NULL
) ENGINE=InnoDB DEFAULT CHARSET=latin1;

--
-- Dumping data for table `old_chat`
--

INSERT INTO `old_chat` (`id_chat`, `user_id`, `sender_id`, `send_id`, `message_chat`, `time_chat`, `title_chat`, `type_chat`, `status_chat`, `sub_id`, `mazad_id`) VALUES
(10, 23, 23, 23, 'kjdfghkdf', '2017-03-01 17:49:39', '', '1', 2, 1, 19),
(11, 23, 23, 23, 'ksdjfhgksdjfg', '2017-03-01 17:50:00', '', '1', 2, 0, 19),
(12, 23, 23, 23, 'dfgsnd,fgmsdf', '2017-03-01 17:51:34', '', '1', 2, 1, 19),
(13, 8, 23, 23, 'ldkfgsldfgksdf', '2017-03-01 17:51:52', '', '1', 2, 2, 17),
(14, 23, 23, 23, 'kdfgsdf', '2017-03-02 13:56:23', '', 'chat', 2, 0, 0),
(15, 23, 23, 23, 'kdfgsdf', '2017-03-02 13:56:24', '', 'chat', 2, 0, 0),
(16, 8, 23, 23, 'Ø³ÙŠØ¨Ù„Ø³ÙŠØ¨', '2017-03-02 14:25:03', '', '1', 2, 2, 0),
(17, 8, 23, 23, 'ÙŠÙ†Ø³ØªØ¨Ù„Ø§Ø³Ù†ÙŠØ¨Ù„', '2017-03-02 14:25:25', '', '1', 2, 2, 0),
(18, 8, 23, 23, 'Ù…Ø³ÙŠØ¨Ù„Ù…Ù†Ø³ÙŠØ¨Ù„Ø³', '2017-03-02 14:25:26', '', '1', 2, 2, 0),
(19, 8, 23, 23, 'Ø§Ù‡Ù„Ø§ ÙˆØ³Ù‡Ù„Ø§', '2017-03-02 14:25:34', '', '1', 2, 2, 0),
(20, 8, 23, 23, 'Ø¨ÙŠÙƒ ÙŠØ§ Ø§Ø³Ø·ÙŠ', '2017-03-02 14:25:36', '', '1', 2, 2, 0),
(21, 8, 23, 23, 'Ø§Ø¹Ù„Ø§ ÙŠØ§ Ø¹Ù… Ø§Ù„Ø­Ø¬', '2017-03-02 14:25:41', '', '1', 2, 2, 0),
(22, 8, 23, 23, '1', '2017-03-02 14:25:50', '', '1', 2, 2, 0),
(23, 8, 23, 23, '2', '2017-03-02 14:25:52', '', '1', 2, 2, 0),
(24, 8, 23, 23, '3', '2017-03-02 14:25:53', '', '1', 2, 2, 0),
(25, 8, 23, 23, '4', '2017-03-02 14:25:54', '', '1', 2, 2, 0),
(26, 8, 23, 23, '5', '2017-03-02 14:25:55', '', '1', 2, 2, 0),
(27, 8, 23, 23, '6', '2017-03-02 14:25:57', '', '1', 2, 2, 0),
(28, 8, 23, 23, '7', '2017-03-02 14:25:58', '', '1', 2, 2, 0),
(29, 23, 23, 23, 'ÙŠØ¨Ù„Ø³ÙŠØ¨', '2017-03-02 14:59:11', '', '1', 2, 1, 0),
(30, 8, 23, 23, 'dflkgjdf', '2017-03-03 01:38:09', '', '1', 2, 2, 0),
(31, 23, 23, 23, 'Ù†ØªÙ†sdfsdf', '2017-03-03 02:09:37', '', '1', 2, 1, 0),
(32, 23, 23, 8, 'asdasd', '2017-03-03 02:12:02', '', '1', 2, 0, 0),
(33, 23, 23, 8, 'sdfsdf', '2017-03-03 02:12:11', '', '1', 2, 0, 0),
(34, 23, 23, 23, 'ØªØ¬Ø±Ø¨Ø© Ø§Ù„Ø§Ø¹Ù„Ø§Ù† Ù‡Ù†Ø§', '2017-03-03 02:32:38', '', '1', 2, 1, 22),
(35, 8, 23, 23, '                    Ø±Ù‚Ù… Ø§Ù„Ø§Ø¹Ù„Ø§Ù† : 45                      Ø§Ø³Ù… Ø§Ù„Ø§Ø¹Ù„Ø§Ù† : ØªØ¬Ø±Ø¨Ø© Ø§Ù„Ø§Ø¹Ù„Ø§Ù†                      Ø§Ù„Ø³Ø¹Ø± Ø§Ù„Ù…ØªÙÙ‚ Ø¹Ù„ÙŠÙ‡ : 16000.00                      Ø§Ù„Ø¹Ø¶Ùˆ  : Ø³Ø¹Ø¯ Ø­Ø§Ø¯ Ø±Ø¶ÙˆØ§Ù†', '2017-03-03 02:36:40', '', '1', 2, 2, 23),
(36, 8, 23, 23, 'Ø§Ù‡Ù„Ø§ ÙˆØ³Ù‡Ù„Ø§', '2017-03-03 13:20:10', '', '1', 2, 2, 0),
(37, 23, 23, 23, 'Ø©Ø©Ø©Ø©', '2017-03-03 13:20:40', '', '1', 2, 0, 0),
(38, 23, 23, 23, 'Ø¨Ø¨Ø¨', '2017-03-03 13:20:43', '', '1', 2, 0, 0),
(39, 23, 23, 23, 'Ø¨Ø¨', '2017-03-03 13:20:45', '', '1', 2, 0, 0),
(40, 23, 23, 23, 'Ø¨Ø¨', '2017-03-03 13:20:46', '', '1', 2, 0, 0),
(41, 23, 23, 23, 'Ø¨Ø¨Ø¨Ø¨', '2017-03-03 13:20:56', '', '1', 2, 0, 0),
(42, 23, 23, 23, 'Ø¨Ø¨Ø¨Ø¨Ø¨', '2017-03-03 13:21:00', '', '1', 2, 0, 0),
(43, 23, 23, 23, 'dskfjgsldkfg', '2017-03-28 06:10:42', '', '1', 2, 0, 0),
(44, 23, 23, 23, 'lksdjfglskdf', '2017-03-28 06:10:44', '', '1', 2, 0, 0),
(45, 23, 23, 23, 'fkgjlskdfjgs', '2017-03-28 06:10:45', '', '1', 2, 0, 0),
(46, 23, 23, 23, 'dkfjglskdfjgsd', '2017-03-28 06:10:46', '', '1', 2, 0, 0),
(47, 23, 23, 23, 'lskdfjgslkdfg', '2017-03-28 06:10:47', '', '1', 2, 0, 0),
(48, 23, 23, 23, 'jfglksjdfg', '2017-03-28 06:10:48', '', '1', 2, 0, 0),
(49, 23, 23, 23, 'sdjflgkjsdfkg', '2017-03-28 06:10:49', '', '1', 2, 0, 0),
(50, 23, 23, 23, 'ksjdfglkjsdflkgsdf', '2017-03-28 06:10:51', '', '1', 2, 0, 0),
(51, 23, 23, 23, 'glskdfg', '2017-03-28 06:10:52', '', '1', 2, 0, 0),
(52, 23, 23, 23, 'kjsdflkgjsldfkg', '2017-03-28 06:10:54', '', '1', 2, 0, 0),
(53, 23, 23, 23, 'lkjsdlfkgjsldfkg', '2017-03-28 06:10:55', '', '1', 2, 0, 0),
(54, 23, 23, 23, 'lkjsdfkjsdflgksdfgjksldfjgsldkfjgsldkfgjlskdfjglskdfjglksdfjglskdfjglksdfjglksdfjglksdfjgslkdfjglsdkfgjsdfg', '2017-03-28 06:11:01', '', '1', 2, 0, 0),
(55, 23, 23, 23, 'lØ§Ù„Ø³Ù„Ø§Ù… Ø¹Ù„ÙŠÙƒÙ… ÙˆØ±Ø­Ù…Ø© Ø§Ù„Ù„Ù‡ ÙˆØ¨Ø±ÙƒØ§ØªØ© Ù‡Ù†Ø§ Ø¨Ø­Ø§ÙˆÙ„ Ø§Ø¹Ù…Ù„ Ø§ÙƒØªØ± Ù…Ù† Ø­Ø§Ø¬Ù‡ ÙƒØªÙŠØ± Ø§Ø´ÙˆÙ Ø·ÙˆÙ„ Ø§Ù„Ù†Øµ ', '2017-03-28 06:11:30', '', '1', 2, 0, 0),
(56, 23, 23, 23, 'lØ§Ù„Ø³Ù„Ø§Ù… Ø¹Ù„ÙŠÙƒÙ… ÙˆØ±Ø­Ù…Ø© Ø§Ù„Ù„Ù‡ ÙˆØ¨Ø±ÙƒØ§ØªØ© Ù‡Ù†Ø§ Ø¨Ø­Ø§ÙˆÙ„ Ø§Ø¹Ù…Ù„ Ø§ÙƒØªØ± Ù…Ù† Ø­Ø§Ø¬Ù‡ ÙƒØªÙŠØ± Ø§Ø´ÙˆÙ Ø·ÙˆÙ„ Ø§Ù„Ù†Øµ lØ§Ù„Ø³Ù„Ø§Ù… Ø¹Ù„ÙŠÙƒÙ… ÙˆØ±Ø­Ù…Ø© Ø§Ù„Ù„Ù‡ ÙˆØ¨Ø±ÙƒØ§ØªØ© Ù‡Ù†Ø§ Ø¨Ø­Ø§ÙˆÙ„ Ø§Ø¹Ù…Ù„ Ø§ÙƒØªØ± Ù…Ù† Ø­Ø§Ø¬Ù‡ ÙƒØªÙŠØ± Ø§Ø´ÙˆÙ Ø·ÙˆÙ„ Ø§Ù„Ù†Øµ lØ§Ù„Ø³Ù„Ø§Ù… Ø¹Ù„ÙŠÙƒÙ… ÙˆØ±Ø­Ù…Ø© Ø§Ù„Ù„Ù‡ ÙˆØ¨Ø±ÙƒØ§ØªØ© Ù‡Ù†Ø§ Ø¨Ø­Ø§ÙˆÙ„ Ø§Ø¹Ù…Ù„ Ø§ÙƒØªØ± Ù…Ù† Ø­Ø§Ø¬Ù‡ ÙƒØªÙŠØ± Ø§Ø´ÙˆÙ Ø·ÙˆÙ„ Ø§Ù„Ù†Øµ lØ§Ù„Ø³Ù„Ø§Ù… Ø¹Ù„ÙŠÙƒÙ… Ùˆ', '2017-03-28 06:11:36', '', '1', 2, 0, 0),
(57, 23, 23, 23, 'lØ§Ù„Ø³Ù„Ø§Ù… Ø¹Ù„ÙŠÙƒÙ… ÙˆØ±Ø­Ù…Ø© Ø§Ù„Ù„Ù‡ ÙˆØ¨Ø±ÙƒØ§ØªØ© Ù‡Ù†Ø§ Ø¨Ø­Ø§ÙˆÙ„ Ø§Ø¹Ù…Ù„ Ø§ÙƒØªØ± Ù…Ù† Ø­Ø§Ø¬Ù‡ ÙƒØªÙŠØ± Ø§Ø´ÙˆÙ Ø·ÙˆÙ„ Ø§Ù„Ù†Øµ lØ§Ù„Ø³Ù„Ø§Ù… Ø¹Ù„ÙŠÙƒÙ… ÙˆØ±Ø­Ù…Ø© Ø§Ù„Ù„Ù‡ ÙˆØ¨Ø±ÙƒØ§ØªØ© Ù‡Ù†Ø§ Ø¨Ø­Ø§ÙˆÙ„ Ø§Ø¹Ù…Ù„ Ø§ÙƒØªØ± Ù…Ù† Ø­Ø§Ø¬Ù‡ ÙƒØªÙŠØ± Ø§Ø´ÙˆÙ Ø·ÙˆÙ„ Ø§Ù„Ù†Øµ lØ§Ù„Ø³Ù„Ø§Ù… Ø¹Ù„ÙŠÙƒÙ… ÙˆØ±Ø­Ù…Ø© Ø§Ù„Ù„Ù‡ ÙˆØ¨Ø±ÙƒØ§ØªØ© Ù‡Ù†Ø§ Ø¨Ø­Ø§ÙˆÙ„ Ø§Ø¹Ù…Ù„ Ø§ÙƒØªØ± Ù…Ù† Ø­Ø§Ø¬Ù‡ ÙƒØªÙŠØ± Ø§Ø´ÙˆÙ Ø·ÙˆÙ„ Ø§Ù„Ù†Øµ lØ§Ù„Ø³Ù„Ø§Ù… Ø¹Ù„ÙŠÙƒÙ… Ùˆ', '2017-03-28 06:11:40', '', '1', 2, 0, 0),
(58, 23, 23, 23, 'lØ§Ù„Ø³Ù„Ø§Ù… Ø¹Ù„ÙŠÙƒÙ… ÙˆØ±Ø­Ù…Ø© Ø§Ù„Ù„Ù‡ ÙˆØ¨Ø±ÙƒØ§ØªØ© Ù‡Ù†Ø§ Ø¨Ø­Ø§ÙˆÙ„ Ø§Ø¹Ù…Ù„ Ø§ÙƒØªØ± Ù…Ù† Ø­Ø§Ø¬Ù‡ ÙƒØªÙŠØ± Ø§Ø´ÙˆÙ Ø·ÙˆÙ„ Ø§Ù„Ù†Øµ lØ§Ù„Ø³Ù„Ø§Ù… Ø¹Ù„ÙŠÙƒÙ… ÙˆØ±Ø­Ù…Ø© Ø§Ù„Ù„Ù‡ ÙˆØ¨Ø±ÙƒØ§ØªØ© Ù‡Ù†Ø§ Ø¨Ø­Ø§ÙˆÙ„ Ø§Ø¹Ù…Ù„ Ø§ÙƒØªØ± Ù…Ù† Ø­Ø§Ø¬Ù‡ ÙƒØªÙŠØ± Ø§Ø´ÙˆÙ Ø·ÙˆÙ„ Ø§Ù„Ù†Øµ lØ§Ù„Ø³Ù„Ø§Ù… Ø¹Ù„ÙŠÙƒÙ… ÙˆØ±Ø­Ù…Ø© Ø§Ù„Ù„Ù‡ ÙˆØ¨Ø±ÙƒØ§ØªØ© Ù‡Ù†Ø§ Ø¨Ø­Ø§ÙˆÙ„ Ø§Ø¹Ù…Ù„ Ø§ÙƒØªØ± Ù…Ù† Ø­Ø§Ø¬Ù‡ ÙƒØªÙŠØ± Ø§Ø´ÙˆÙ Ø·ÙˆÙ„ Ø§Ù„Ù†Øµ lØ§Ù„Ø³Ù„Ø§Ù… Ø¹Ù„ÙŠÙƒÙ… Ùˆ', '2017-03-28 06:12:08', '', '1', 2, 0, 0),
(59, 23, 23, 23, 'lØ§Ù„Ø³Ù„Ø§Ù… Ø¹Ù„ÙŠÙƒÙ… ÙˆØ±Ø­Ù…Ø© Ø§Ù„Ù„Ù‡ ÙˆØ¨Ø±ÙƒØ§ØªØ© Ù‡Ù†Ø§ Ø¨Ø­Ø§ÙˆÙ„ Ø§Ø¹Ù…Ù„ Ø§ÙƒØªØ± Ù…Ù† Ø­Ø§Ø¬Ù‡ ÙƒØªÙŠØ± Ø§Ø´ÙˆÙ Ø·ÙˆÙ„ Ø§Ù„Ù†Øµ ', '2017-03-28 06:12:18', '', '1', 2, 0, 0),
(60, 23, 23, 23, 'lØ§Ù„Ø³Ù„Ø§Ù… Ø¹Ù„ÙŠÙƒÙ… ÙˆØ±Ø­Ù…Ø© Ø§Ù„Ù„Ù‡ ÙˆØ¨Ø±ÙƒØ§ØªØ© Ù‡Ù†Ø§ Ø¨Ø­Ø§ÙˆÙ„ Ø§Ø¹Ù…Ù„ Ø§ÙƒØªØ± Ù…Ù† Ø­Ø§Ø¬Ù‡ ÙƒØªÙŠØ± Ø§Ø´ÙˆÙ Ø·ÙˆÙ„ Ø§Ù„Ù†Øµ ', '2017-03-28 06:12:20', '', '1', 2, 0, 0),
(61, 23, 23, 23, 'lØ§Ù„Ø³Ù„Ø§Ù… Ø¹Ù„ÙŠÙƒÙ… ÙˆØ±Ø­Ù…Ø© Ø§Ù„Ù„Ù‡ ÙˆØ¨Ø±ÙƒØ§ØªØ© Ù‡Ù†Ø§ Ø¨Ø­Ø§ÙˆÙ„ Ø§Ø¹Ù…Ù„ Ø§ÙƒØªØ± Ù…Ù† Ø­Ø§Ø¬Ù‡ ÙƒØªÙŠØ± Ø§Ø´ÙˆÙ Ø·ÙˆÙ„ Ø§Ù„Ù†Øµ ', '2017-03-28 06:12:20', '', '1', 2, 0, 0),
(62, 23, 23, 23, 'lØ§Ù„Ø³Ù„Ø§Ù… Ø¹Ù„ÙŠÙƒÙ… ÙˆØ±Ø­Ù…Ø© Ø§Ù„Ù„Ù‡ ÙˆØ¨Ø±ÙƒØ§ØªØ© Ù‡Ù†Ø§ Ø¨Ø­Ø§ÙˆÙ„ Ø§Ø¹Ù…Ù„ Ø§ÙƒØªØ± Ù…Ù† Ø­Ø§Ø¬Ù‡ ÙƒØªÙŠØ± Ø§Ø´ÙˆÙ Ø·ÙˆÙ„ Ø§Ù„Ù†Øµ ', '2017-03-28 06:12:22', '', '1', 2, 0, 0),
(63, 23, 23, 23, 'lØ§Ù„Ø³Ù„Ø§Ù… Ø¹Ù„ÙŠÙƒÙ… ÙˆØ±Ø­Ù…Ø© Ø§Ù„Ù„Ù‡ ÙˆØ¨Ø±ÙƒØ§ØªØ© Ù‡Ù†Ø§ Ø¨Ø­Ø§ÙˆÙ„ Ø§Ø¹Ù…Ù„ Ø§ÙƒØªØ± Ù…Ù† Ø­Ø§Ø¬Ù‡ ÙƒØªÙŠØ± Ø§Ø´ÙˆÙ Ø·ÙˆÙ„ Ø§Ù„Ù†Øµ ', '2017-03-28 06:12:24', '', '1', 2, 0, 0),
(64, 23, 23, 23, 'lØ§Ù„Ø³Ù„Ø§Ù… Ø¹Ù„ÙŠÙƒÙ… ÙˆØ±Ø­Ù…Ø© Ø§Ù„Ù„Ù‡ ÙˆØ¨Ø±ÙƒØ§ØªØ© Ù‡Ù†Ø§ Ø¨Ø­Ø§ÙˆÙ„ Ø§Ø¹Ù…Ù„ Ø§ÙƒØªØ± Ù…Ù† Ø­Ø§Ø¬Ù‡ ÙƒØªÙŠØ± Ø§Ø´ÙˆÙ Ø·ÙˆÙ„ Ø§Ù„Ù†Øµ ', '2017-03-28 06:12:24', '', '1', 2, 0, 0),
(65, 23, 23, 23, 'lØ§Ù„Ø³Ù„Ø§Ù… Ø¹Ù„ÙŠÙƒÙ… ÙˆØ±Ø­Ù…Ø© Ø§Ù„Ù„Ù‡ ÙˆØ¨Ø±ÙƒØ§ØªØ© Ù‡Ù†Ø§ Ø¨Ø­Ø§ÙˆÙ„ Ø§Ø¹Ù…Ù„ Ø§ÙƒØªØ± Ù…Ù† Ø­Ø§Ø¬Ù‡ ÙƒØªÙŠØ± Ø§Ø´ÙˆÙ Ø·ÙˆÙ„ Ø§Ù„Ù†Øµ ', '2017-03-28 06:12:25', '', '1', 2, 0, 0),
(66, 23, 23, 23, 'lØ§Ù„Ø³Ù„Ø§Ù… Ø¹Ù„ÙŠÙƒÙ… ÙˆØ±Ø­Ù…Ø© Ø§Ù„Ù„Ù‡ ÙˆØ¨Ø±ÙƒØ§ØªØ© Ù‡Ù†Ø§ Ø¨Ø­Ø§ÙˆÙ„ Ø§Ø¹Ù…Ù„ Ø§ÙƒØªØ± Ù…Ù† Ø­Ø§Ø¬Ù‡ ÙƒØªÙŠØ± Ø§Ø´ÙˆÙ Ø·ÙˆÙ„ Ø§Ù„Ù†Øµ ', '2017-03-28 06:12:26', '', '1', 2, 0, 0),
(67, 23, 23, 23, 'lØ§Ù„Ø³Ù„Ø§Ù… Ø¹Ù„ÙŠÙƒÙ… ÙˆØ±Ø­Ù…Ø© Ø§Ù„Ù„Ù‡ ÙˆØ¨Ø±ÙƒØ§ØªØ© Ù‡Ù†Ø§ Ø¨Ø­Ø§ÙˆÙ„ Ø§Ø¹Ù…Ù„ Ø§ÙƒØªØ± Ù…Ù† Ø­Ø§Ø¬Ù‡ ÙƒØªÙŠØ± Ø§Ø´ÙˆÙ Ø·ÙˆÙ„ Ø§Ù„Ù†Øµ ', '2017-03-28 06:12:26', '', '1', 2, 0, 0),
(68, 23, 23, 23, 'lØ§Ù„Ø³Ù„Ø§Ù… Ø¹Ù„ÙŠÙƒÙ… ÙˆØ±Ø­Ù…Ø© Ø§Ù„Ù„Ù‡ ÙˆØ¨Ø±ÙƒØ§ØªØ© Ù‡Ù†Ø§ Ø¨Ø­Ø§ÙˆÙ„ Ø§Ø¹Ù…Ù„ Ø§ÙƒØªØ± Ù…Ù† Ø­Ø§Ø¬Ù‡ ÙƒØªÙŠØ± Ø§Ø´ÙˆÙ Ø·ÙˆÙ„ Ø§Ù„Ù†Øµ ', '2017-03-28 06:12:27', '', '1', 2, 0, 0),
(69, 23, 23, 23, 'lØ§Ù„Ø³Ù„Ø§Ù… Ø¹Ù„ÙŠÙƒÙ… ÙˆØ±Ø­Ù…Ø© Ø§Ù„Ù„Ù‡ ÙˆØ¨Ø±ÙƒØ§ØªØ© Ù‡Ù†Ø§ Ø¨Ø­Ø§ÙˆÙ„ Ø§Ø¹Ù…Ù„ Ø§ÙƒØªØ± Ù…Ù† Ø­Ø§Ø¬Ù‡ ÙƒØªÙŠØ± Ø§Ø´ÙˆÙ Ø·ÙˆÙ„ Ø§Ù„Ù†Øµ ', '2017-03-28 06:12:28', '', '1', 2, 0, 0),
(70, 23, 23, 23, 'lØ§Ù„Ø³Ù„Ø§Ù… Ø¹Ù„ÙŠÙƒÙ… ÙˆØ±Ø­Ù…Ø© Ø§Ù„Ù„Ù‡ ÙˆØ¨Ø±ÙƒØ§ØªØ© Ù‡Ù†Ø§ Ø¨Ø­Ø§ÙˆÙ„ Ø§Ø¹Ù…Ù„ Ø§ÙƒØªØ± Ù…Ù† Ø­Ø§Ø¬Ù‡ ÙƒØªÙŠØ± Ø§Ø´ÙˆÙ Ø·ÙˆÙ„ Ø§Ù„Ù†Øµ ', '2017-03-28 06:12:29', '', '1', 2, 0, 0),
(71, 23, 23, 23, 'lØ§Ù„Ø³Ù„Ø§Ù… Ø¹Ù„ÙŠÙƒÙ… ÙˆØ±Ø­Ù…Ø© Ø§Ù„Ù„Ù‡ ÙˆØ¨Ø±ÙƒØ§ØªØ© Ù‡Ù†Ø§ Ø¨Ø­Ø§ÙˆÙ„ Ø§Ø¹Ù…Ù„ Ø§ÙƒØªØ± Ù…Ù† Ø­Ø§Ø¬Ù‡ ÙƒØªÙŠØ± Ø§Ø´ÙˆÙ Ø·ÙˆÙ„ Ø§Ù„Ù†Øµ ', '2017-03-28 06:12:30', '', '1', 2, 0, 0),
(72, 8, 23, 23, 'high ,', '2017-03-28 06:13:55', '', '1', 2, 2, 0),
(73, 8, 23, 23, 'asfasdf', '2017-03-28 06:14:00', '', '1', 2, 2, 0),
(74, 8, 23, 23, 'asdfa', '2017-03-28 06:14:01', '', '1', 2, 2, 0),
(75, 8, 23, 23, 'd', '2017-03-28 06:14:01', '', '1', 2, 2, 0),
(76, 8, 23, 23, 'asdfasdfsd', '2017-03-28 06:14:09', '', '1', 2, 2, 0),
(77, 8, 23, 23, 'df', '2017-03-28 06:14:10', '', '1', 2, 2, 0),
(78, 8, 23, 23, 'df', '2017-03-28 06:14:11', '', '1', 2, 2, 0),
(79, 23, 23, 23, 'dfsdf', '2017-03-28 06:18:56', '', '1', 2, 0, 0),
(80, 23, 23, 23, 'f', '2017-03-28 06:18:57', '', '1', 2, 0, 0),
(81, 23, 23, 23, 'f', '2017-03-28 06:18:57', '', '1', 2, 0, 0),
(82, 23, 23, 23, 'asdf', '2017-03-28 06:18:58', '', '1', 2, 0, 0),
(83, 23, 23, 23, 'asdfasdf', '2017-03-28 06:20:23', '', '1', 2, 1, 0),
(84, 23, 23, 23, 'fasdf', '2017-03-28 06:20:24', '', '1', 2, 1, 0),
(85, 23, 23, 23, 'asd', '2017-03-28 06:20:25', '', '1', 2, 1, 0),
(86, 23, 23, 23, 'asdf', '2017-03-28 06:20:26', '', '1', 2, 1, 0),
(87, 23, 23, 23, 'asdf', '2017-03-28 06:20:27', '', '1', 2, 1, 0),
(88, 23, 23, 23, 'f', '2017-03-28 06:20:28', '', '1', 2, 1, 0),
(89, 23, 23, 23, 'fasdfasdfasd', '2017-03-28 06:20:30', '', '1', 2, 1, 0),
(90, 23, 23, 23, 'asdfasdfasdfasdfasdf', '2017-03-28 06:20:32', '', '1', 2, 1, 0),
(91, 23, 23, 23, 'jjjjj', '2017-03-28 06:21:28', '', '1', 2, 1, 0),
(92, 23, 23, 23, 'kljkj', '2017-03-28 06:21:32', '', '1', 2, 1, 0),
(93, 23, 23, 23, 'lkjlk', '2017-03-28 06:21:34', '', '1', 2, 1, 0),
(94, 23, 23, 23, 'kjlkj', '2017-03-28 06:21:35', '', '1', 2, 1, 0),
(95, 23, 23, 23, 'jkljlkoooo', '2017-03-28 06:21:38', '', '1', 2, 1, 0),
(96, 23, 23, 23, 'sdfasd', '2017-03-28 06:23:03', '', '1', 2, 1, 0),
(97, 23, 23, 23, 'fa', '2017-03-28 06:23:05', '', '1', 2, 1, 0),
(98, 23, 23, 23, 'sdfasdf', '2017-03-28 06:24:03', '', '1', 2, 1, 0),
(99, 23, 23, 23, 'asdfasdf', '2017-03-28 06:24:05', '', '1', 2, 1, 0),
(100, 23, 23, 23, 'asdfasdf', '2017-03-28 06:24:07', '', '1', 2, 1, 0),
(101, 23, 23, 23, 'sadfasdf', '2017-03-28 06:25:20', '', '1', 2, 1, 0),
(102, 23, 23, 23, 'asdfasdf', '2017-03-28 06:25:21', '', '1', 2, 1, 0),
(103, 23, 23, 23, 'sadfasdf', '2017-03-28 06:29:01', '', '1', 2, 1, 0),
(104, 23, 23, 23, 'asdfasdf', '2017-03-28 06:29:06', '', '1', 2, 1, 0),
(105, 23, 23, 23, 'sdfsd', '2017-03-28 06:34:35', '', '1', 2, 1, 0),
(106, 23, 23, 23, 'df', '2017-03-28 06:34:35', '', '1', 2, 1, 0),
(107, 23, 23, 23, 'asdf', '2017-03-28 06:34:36', '', '1', 2, 1, 0),
(108, 23, 23, 23, 'asd', '2017-03-28 06:34:36', '', '1', 2, 1, 0),
(109, 23, 23, 23, 'df', '2017-03-28 06:34:37', '', '1', 2, 1, 0),
(110, 23, 23, 23, 'sdfsadf', '2017-03-28 06:34:38', '', '1', 2, 1, 0),
(111, 23, 23, 23, 'sdfasdfasd', '2017-03-28 06:35:26', '', '1', 2, 1, 0),
(112, 23, 23, 23, 'sdf', '2017-03-28 06:35:28', '', '1', 2, 1, 0),
(113, 23, 23, 23, 'asdfasdf', '2017-03-28 06:35:31', '', '1', 2, 1, 0),
(114, 23, 23, 23, 'high ,sigh ', '2017-03-28 06:35:33', '', '1', 2, 1, 0),
(115, 23, 23, 23, 'Ø·ÙŠØ¨ ÙƒØ¯Ù‡ ØªÙ…Ø§Ù… ', '2017-03-28 06:35:37', '', '1', 2, 1, 0),
(116, 23, 23, 23, 'Ø§ÙŠÙˆØ© Ù…Ø¸Ø¨ÙˆØ·', '2017-03-28 06:35:41', '', '1', 2, 1, 0),
(117, 23, 23, 23, 'high ,ssdg', '2017-03-28 06:36:19', '', '1', 2, 1, 0),
(118, 23, 23, 23, 'gs', '2017-03-28 06:36:19', '', '1', 2, 1, 0),
(119, 23, 23, 23, 'fg', '2017-03-28 06:36:20', '', '1', 2, 1, 0),
(120, 23, 23, 23, 'sd', '2017-03-28 06:36:20', '', '1', 2, 1, 0),
(121, 23, 23, 23, 'dfgsdfg', '2017-03-28 06:36:21', '', '1', 2, 1, 0),
(122, 23, 23, 23, 'lksdjfglskdfg', '2017-03-28 06:36:51', '', '1', 2, 1, 0),
(123, 23, 23, 23, 'sdflgkjsdlkfjgsd', '2017-03-28 06:36:52', '', '1', 2, 1, 0),
(124, 23, 23, 23, 'ksjdflgkjsdfg', '2017-03-28 06:36:53', '', '1', 2, 1, 0),
(125, 23, 23, 23, 'ksjdflgkjsdfg', '2017-03-28 06:36:54', '', '1', 2, 1, 0),
(126, 23, 23, 23, 'i', '2017-03-28 06:36:56', '', '1', 2, 1, 0),
(127, 23, 23, 23, 'ir', '2017-03-28 06:36:58', '', '1', 2, 1, 0),
(128, 23, 23, 23, 'r', '2017-03-28 06:36:59', '', '1', 2, 1, 0),
(129, 23, 23, 23, 'sf', '2017-03-28 06:37:00', '', '1', 2, 1, 0),
(130, 23, 23, 23, 'sdfg', '2017-03-28 06:37:00', '', '1', 2, 1, 0),
(131, 23, 23, 23, '                    Ø±Ù‚Ù… Ø§Ù„Ø§Ø¹Ù„Ø§Ù† : 44                      Ø§Ø³Ù… Ø§Ù„Ø§Ø¹Ù„Ø§Ù† : Ø³ÙŠØ§Ø±Ø© ØªÙŠÙˆØªØ§ Ù…ÙˆØ¯ÙŠÙ„ 2001                      Ø§Ù„Ø³Ø¹Ø± Ø§Ù„Ù…ØªÙÙ‚ Ø¹Ù„ÙŠÙ‡ : 400                      Ø§Ù„Ø¹Ø¶Ùˆ  : Ø§Ù„Ø§Ø¯Ø§Ø±Ø©', '2017-03-28 07:30:21', '', '1', 2, 1, 24),
(132, 8, 23, 23, '                    Ø±Ù‚Ù… Ø§Ù„Ø§Ø¹Ù„Ø§Ù† : 45                      Ø§Ø³Ù… Ø§Ù„Ø§Ø¹Ù„Ø§Ù† : Ù„ÙˆØ­Ø§Øª Ø§Ù„Ø³ÙŠØ§Ø±Ø§Øª                      Ø§Ù„Ø³Ø¹Ø± Ø§Ù„Ù…ØªÙÙ‚ Ø¹Ù„ÙŠÙ‡ : 16000                      Ø§Ù„Ø¹Ø¶Ùˆ  : Ø³Ø¹Ø¯ Ø­Ø§Ø¯ Ø±Ø¶ÙˆØ§Ù†', '2017-03-28 07:32:17', '', '1', 2, 2, 23),
(133, 28, 30, 30, '                    Ø±Ù‚Ù… Ø§Ù„Ø§Ø¹Ù„Ø§Ù† : 46                      Ø§Ø³Ù… Ø§Ù„Ø§Ø¹Ù„Ø§Ù† : Ù‡ÙŠÙˆÙ†Ø¯Ø§ÙŠ ÙÙ„ÙˆØ³ØªØ± 2013                      Ø§Ù„Ø³Ø¹Ø± Ø§Ù„Ù…ØªÙÙ‚ Ø¹Ù„ÙŠÙ‡ : 15200                      Ø§Ù„Ø¹Ø¶Ùˆ  : Ahmad', '2017-04-02 16:33:22', '', '1', 2, 3, 26),
(134, 28, 30, 23, '0503700722', '2017-04-02 16:34:54', '', '1', 2, 3, 0),
(135, 28, 30, 23, 'Ù‡Ø°Ø§ Ø±Ù‚Ù…ÙŠ Ù„Ù„ØªÙˆØ§ØµÙ„', '2017-04-02 16:35:08', '', '1', 2, 3, 0),
(136, 28, 30, 30, 'Ø±Ù‚Ù…Ùƒ Ù„Ù„ØªÙˆØ§ØµÙ„ ', '2017-04-02 16:36:23', '', '1', 2, 3, 0),
(137, 28, 30, 28, 'hhhhhhhhh', '2017-04-02 16:36:47', '', '1', 2, 3, 0),
(138, 28, 30, 30, '                    Ø±Ù‚Ù… Ø§Ù„Ø§Ø¹Ù„Ø§Ù† : 48                      Ø§Ø³Ù… Ø§Ù„Ø§Ø¹Ù„Ø§Ù† : Ù‡ÙŠÙˆÙ†Ø¯Ø§ÙŠ ÙÙ„ÙˆØ³ØªØ± 2013                      Ø§Ù„Ø³Ø¹Ø± Ø§Ù„Ù…ØªÙÙ‚ Ø¹Ù„ÙŠÙ‡ : 21000                      Ø§Ù„Ø¹Ø¶Ùˆ  : Ahmad', '2017-04-02 19:39:58', '', '1', 2, 3, 34),
(139, 28, 30, 23, 'ÙˆØµÙ„Øª Ø§Ù„Ù…ÙˆØ§ÙÙ‚Ù‡', '2017-04-02 20:02:22', '', '1', 2, 3, 0);

-- --------------------------------------------------------

--
-- Table structure for table `option_car`
--

CREATE TABLE `option_car` (
  `id_o` int(11) NOT NULL,
  `name_o` varchar(100) NOT NULL,
  `code_o` varchar(50) NOT NULL,
  `option_o` longtext NOT NULL,
  `type_o` varchar(30) NOT NULL,
  `order_o` int(11) NOT NULL
) ENGINE=InnoDB DEFAULT CHARSET=latin1;

--
-- Dumping data for table `option_car`
--

INSERT INTO `option_car` (`id_o`, `name_o`, `code_o`, `option_o`, `type_o`, `order_o`) VALUES
(1, 'Ø§Ù„Ù…ÙˆØ§ØµÙØ§Øª Ø§Ù„Ø§Ø¶Ø§ÙÙŠØ©', 'special', '["saad","hamed","\\u0639\\u0628\\u062f\\u0627\\u0644\\u0644\\u0647","asdadasdasd","\\u0627\\u0628\\u0631\\u0627\\u0647\\u064a\\u0645","\\u0633\\u064a\\u0628\\u0634\\u0633\\u0628\\u064a","\\u0634\\u0633\\u064a\\u0628\\u0634\\u064a\\u0628","\\u0634\\u0633\\u064a\\u0628\\u0634\\u0633\\u064a\\u0628\\u0628\\u064a","asdasd","asdasd","asd","asd"]', 'form1', 0),
(2, 'Ø®ÙŠØ§Ø±Ø§Øª Ø§Ù„Ù„ÙˆØ§Ù†', 'color', '["\\u0627\\u062d\\u0645\\u0631","\\u0627\\u0635\\u0641\\u0631","\\u0627\\u0633\\u0648\\u062f","\\u0627\\u0628\\u064a\\u0636","\\u0627\\u062e\\u0636\\u0631","\\u0627\\u0632\\u0631\\u0642"]', 'form1', 0),
(3, 'Ø¬Ø³Ù… Ø§Ù„Ù…Ø±ÙƒØ¨Ø©', 'body', '["\\u0643\\u0648\\u0628\\u064a\\u0629","\\u0643\\u0634\\u0641","\\u0631\\u0628\\u0627\\u0639\\u0649 \\u062f\\u0641\\u0639","\\u0634\\u0627\\u062d\\u0646\\u0629"]', 'form1', 0),
(4, 'Ø§Ù„Ø§Ø³ØªÙ…Ø§Ø±Ø©', 'form', '["\\u0645\\u062c\\u062f\\u062f","\\u063a\\u064a\\u0631 \\u0645\\u062c\\u062f\\u062f"]', 'form1', 0),
(5, 'Ù†Ø§Ù‚Ù„ Ø§Ù„Ø­Ø±ÙƒØ©', 'transmission', '["\\u064a\\u062f\\u0648\\u0649","\\u0627\\u062a\\u0648\\u0645\\u0627\\u062a\\u064a\\u0643"]', 'form1', 0),
(6, 'Ø­Ø§Ù„Ø© Ø§Ù„Ø³ÙŠØ§Ø±Ø©', 'status', '{"0":"\\u0645\\u0645\\u062a\\u0627\\u0632\\u0629","1":"\\u062c\\u064a\\u062f\\u0629","2":"\\u0648\\u0633\\u0637","3":"\\u0628\\u062d\\u0627\\u062c\\u0629 \\u0627\\u0644\\u0649 \\u0635\\u064a\\u0627\\u0646\\u0629","4":"saad hamed radwan","5":"saad hamed radwan","6":"saad hamed radwan","7":"saad hamed radwan","8":"saad hamed radwan","10":"_id","14":"_id"}', '1form', 0),
(7, 'Ø§Ù„Ø¹Ø±ÙˆØ¶', 'offers', '{"1":{"name":"asdS","img":"http:\\/\\/localhost\\/mvcnew\\/App\\/template\\/style1\\/images\\/bnr.jpg","url":"http:\\/\\/localhost\\/mvcnew\\/App\\/template\\/style1\\/images\\/bnr.jpg","size":"big","date":"2014-07-16"},"2":{"name":"\\u0627\\u0639\\u0644\\u0627\\u0646 \\u0645\\u0647\\u0645 \\u062c\\u062f\\u0627","img":"http:\\/\\/2op1.com\\/cars\\/Public\\/uploads\\/upl_53c1150fe3059.jpg","url":"http:\\/\\/2op1.com\\/cars\\/Public\\/uploads\\/upl_53c1150fe3059.jpg","size":"big","date":""},"3":{"name":"\\u0627\\u062d\\u0644\\u0649 \\u0645\\u0633\\u0649 \\u064a\\u0627 \\u0627\\u0628\\u0631\\u0627\\u0647\\u064a\\u0645","img":"http:\\/\\/2op1.com\\/cars\\/Public\\/uploads\\/upl_53c1150034b5b.jpg","url":"http:\\/\\/2op1.com\\/cars\\/Public\\/uploads\\/upl_53c1150034b5b.jpg","size":"mediam1","date":"2014-07-23"},"4":{"name":"\\u0634\\u0633\\u064a\\u0628\\u0634\\u0633\\u064a\\u0628","img":"http:\\/\\/2op1.com\\/cars\\/Public\\/uploads\\/upl_53c1150fe3059.jpg","url":"http:\\/\\/2op1.com\\/cars\\/Public\\/uploads\\/upl_53c1150fe3059.jpg","size":"mediam1","date":"2014-07-30"},"5":{"name":"asdfasdf","img":"http:\\/\\/2op1.com\\/cars\\/Public\\/uploads\\/upl_53c1150034b5b.jpg","url":"http:\\/\\/2op1.com\\/cars\\/Public\\/uploads\\/upl_53c1150034b5b.jpg","size":"mediam3","date":""},"6":{"name":"\\u0633\\u064a\\u0628\\u0644","img":"http:\\/\\/2op1.com\\/cars\\/Public\\/uploads\\/upl_53c1150fe3059.jpg","url":"http:\\/\\/2op1.com\\/cars\\/Public\\/uploads\\/upl_53c1150fe3059.jpg","size":"big","date":"2014-07-28"},"7":{"name":"\\u0633\\u064a\\u0628\\u0644","img":"http:\\/\\/2op1.com\\/cars\\/Public\\/uploads\\/upl_53c1150034b5b.jpg","url":"http:\\/\\/2op1.com\\/cars\\/Public\\/uploads\\/upl_53c1150034b5b.jpg","size":"mediam4","date":"2014-07-13"},"8":{"name":"\\u0633\\u064a\\u0628\\u0644","img":"http:\\/\\/2op1.com\\/cars\\/Public\\/uploads\\/upl_53c1150fe3059.jpg","url":"http:\\/\\/2op1.com\\/cars\\/Public\\/uploads\\/upl_53c1150fe3059.jpg","size":"mediam4","date":""},"9":{"name":"\\u0633\\u064a\\u0628\\u0644","img":"http:\\/\\/2op1.com\\/cars\\/Public\\/uploads\\/upl_53c1150034b5b.jpg","url":"http:\\/\\/2op1.com\\/cars\\/Public\\/uploads\\/upl_53c1150034b5b.jpg","size":"big","date":""},"10":{"name":"\\u0633\\u064a\\u0628\\u0644","img":"http:\\/\\/2op1.com\\/cars\\/Public\\/uploads\\/upl_53c1150fe3059.jpg","url":"http:\\/\\/2op1.com\\/cars\\/Public\\/uploads\\/upl_53c1150fe3059.jpg","size":"mediam2","date":""},"11":{"name":"\\u0633\\u064a\\u0628\\u0644","img":"http:\\/\\/2op1.com\\/cars\\/Public\\/uploads\\/upl_53c1150034b5b.jpg","url":"http:\\/\\/2op1.com\\/cars\\/Public\\/uploads\\/upl_53c1150034b5b.jpg","size":"mediam1","date":""},"12":{"name":"\\u0633\\u064a\\u0628\\u0644","img":"http:\\/\\/2op1.com\\/cars\\/Public\\/uploads\\/upl_53c1150034b5b.jpg","url":"http:\\/\\/2op1.com\\/cars\\/Public\\/uploads\\/upl_53c1150034b5b.jpg","size":"mediam2","date":""}}', 'ads', 0),
(8, 'Ø§Ù„ÙÙŠØ¯ÙŠÙˆ', 'vedioindex', '["asdasdasdssssssssssssssssssssssssssss"]', 'ads', 0),
(9, 'Ø§Ù„Ø§Ø¹Ù„Ø§Ù†Ø§Øª Ø§Ù„Ù…ØµÙˆØ±Ø©', 'adsimg', '[{"name":"\\u0635\\u0648\\u0631\\u0629 \\u0627\\u0644\\u0641\\u0648\\u062a\\u0631","img":"http:\\/\\/localhost\\/mvcnew\\/App\\/template\\/style1\\/images\\/bnr.jpg","url":"http:\\/\\/localhost\\/mvcnew\\/App\\/template\\/style1\\/images\\/bnr.jpg","dir":"footer"},{"name":"sdfa","img":"http:\\/\\/localhost\\/mvcnew\\/App\\/template\\/style1\\/images\\/searchas.jpg","url":"http:\\/\\/localhost\\/mvcnew\\/App\\/template\\/style1\\/images\\/searchas.jpg","dir":"search"},{"name":"\\u0628\\u062c\\u0648\\u0627 \\u0631 \\u0627\\u0644\\u0641\\u064a\\u062f\\u064a\\u0648","img":"http:\\/\\/localhost\\/mvcnew\\/App\\/template\\/style1\\/images\\/bnr.jpg","url":"http:\\/\\/localhost\\/mvcnew\\/App\\/template\\/style1\\/images\\/bnr.jpg","dir":"vedio"},{"name":"\\u0627\\u0633\\u0641\\u0644 \\u0645\\u0639\\u0644\\u0648\\u0645\\u0627\\u062a \\u0627\\u0644\\u0633\\u064a\\u0627\\u0631\\u0629","img":"http:\\/\\/localhost\\/mvcnew\\/App\\/template\\/style1\\/images\\/adse.jpg","url":"http:\\/\\/localhost\\/mvcnew\\/App\\/template\\/style1\\/images\\/adse.jpg","dir":"cars"}]', 'ads', 0),
(10, 'Ø§Ù„Ù‚Ø³Ù…', 'section_access', '["\\u0627\\u0633\\u0645 \\u0627\\u0644\\u0642\\u0633\\u0645 \\u0627\\u0644\\u0627\\u0648\\u0644","\\u0627\\u0633\\u0645 \\u0627\\u0644\\u0642\\u0633\\u0645 \\u0627\\u0644\\u062b\\u0627\\u0646\\u0649","\\u0627\\u0633\\u0645 \\u0627\\u0644\\u0642\\u0633\\u0645 \\u0627\\u0644\\u062b\\u0627\\u0644\\u062b"]', '', 0),
(11, 'Ù…Ø§Ø±ÙƒØ© Ø§Ù„Ù…Ù†ØªØ¬', 'marka_access', '["\\u0627\\u0633\\u0645 \\u0627\\u0644\\u0645\\u0627\\u0631\\u0643\\u06291","\\u0627\\u0633\\u0645 \\u0627\\u0644\\u0645\\u0627\\u0631\\u0643\\u06292","\\u0627\\u0633\\u0645 \\u0627\\u0644\\u0645\\u0627\\u0631\\u0643\\u0629 3","\\u0627\\u0633\\u0645 \\u0627\\u0644\\u0645\\u0627\\u0631\\u0643\\u0629 4"]', '', 0),
(12, 'Ø§Ù„Ù„ÙˆØ§Ù†', 'color_access', '["\\u0627\\u062d\\u0645\\u0631","\\u0627\\u0635\\u0641\\u0631","\\u0627\\u062e\\u0636\\u0631","\\u0627\\u0632\\u0631\\u0642"]', '', 0),
(13, 'Ù…ÙˆØ§ØµÙØ§Øª Ø§Ù„Ù…Ù†ØªØ¬', 'special_access', '["\\u0645\\u0648\\u0627\\u0635\\u0641\\u0627\\u062a 1","\\u0645\\u0648\\u0627\\u0635\\u0641\\u0627\\u062a 2","\\u0645\\u0648\\u0627\\u0635\\u0641\\u0627\\u062a3","\\u0645\\u0648\\u0627\\u0635\\u0641\\u0627\\u062a 4","\\u0645\\u0648\\u0627\\u0635\\u0641\\u0627\\u062a 5"]', '', 0),
(14, '{"1":{"name":"\\u0627\\u0639\\u0644\\u0627\\u0646dddddddd","img":"http:\\/\\/localhost\\/mvcnew\\/Public\\/upl', 'slider_search', '{"1":{"name":"\\u0627\\u0639\\u0644\\u0627\\u0646","img":"http:\\/\\/i.imgur.com\\/Iiq5s8P.jpg?1","url":"#","date":""},"3":{"name":"sssss","img":"http:\\/\\/i.imgur.com\\/IKyBWUw.jpg?1","url":"ssssssss","date":""},"4":{"name":"","img":"http:\\/\\/i.imgur.com\\/cAXMrj8.jpg?1","url":"","date":""}}', 'ads', 0),
(15, '<!--:ar-->Ø§Ù„Ù„ÙˆÙ†<!--:--><!--:en-->Color<!--:-->', 'color', '{"type":"select"}', 'form', 0),
(16, '<!--:ar-->Ø§Ù„Ù…ÙˆØ¯ÙŠÙ„<!--:--><!--:en-->Model<!--:-->', 'type_c', '{"type":"select","force":"1","default":"1","basic":"1"}', 'form', 0),
(17, '<!--:ar-->Ø§Ù„Ù…Ø¯ÙŠÙ†Ø©<!--:--><!--:en-->site<!--:-->', 'Country_c', '{"type":"select","force":"1","default":"1","basic":"1"}', 'form', 0),
(18, '<!--:ar-->Ø§Ù„Ù…Ø³Ø§ÙØ© Ø§Ù„Ù…Ù‚Ø·ÙˆØ¹Ø©<!--:--><!--:en-->the traveled distance<!--:-->', 'distance', '{"type":"text","addon_end":"km"}', 'form', 0),
(19, '<!--:ar-->ØªÙØ¹ÙŠÙ„<!--:--><!--:en-->active<!--:-->', 'act_c', '{"type":"yes","basic":"1","admin":"1"}', 'form', 0),
(20, '<!--:ar-->Ø³Ù†Ø© Ø§Ù„ØµÙ†Ø¹<!--:--><!--:en-->years<!--:-->', 'years', '{"type":"select","force":"1","default":"1","basic":"1"}', 'form', 0),
(21, '<!--:ar-->Ù†Ø§Ù‚Ù„ Ø§Ù„Ø­Ø±ÙƒØ©<!--:--><!--:en-->Transmission<!--:-->', 'transmission', '{"type":"select"}', 'form', 0),
(22, '<!--:ar-->Ø§Ù„Ø­Ø§Ù„Ø© <!--:--><!--:en-->case<!--:-->', 'case', '{"type":"select","force":"1"}', 'form', 0),
(23, '<!--:ar-->Ø§Ù„Ø¬Ø³Ù… Ø§Ù„Ø®Ø§Ø±Ø¬Ù‰<!--:--><!--:en-->Outside the body<!--:-->', 'Outside', '{"type":"select","force":"1"}', 'form', 0),
(24, '<!--:ar-->Ø§Ù„Ø³Ø¹Ø±<!--:--><!--:en-->Price<!--:-->', 'price_c', '{"type":"text","addon_end":"R.S","force":"1","basic":"1"}', 'form', 0),
(26, '<!--:ar-->Ø§Ù„Ù…ÙˆØ§ØµÙØ§Øª Ø§Ù„Ø§Ø¶Ø§ÙÙŠØ©<!--:--><!--:en-->Additional Specifications<!--:-->', 'specifications', '{"type":"textarea"}', 'form', 0),
(27, '<!--:ar-->Ø§Ø¶Ø§ÙØ© ØµÙˆØ±Ø©<!--:--><!--:en-->Images<!--:-->', 'images_c', '{"type":"images","force":"1","basic":"1"}', 'form', 0),
(28, '<!--:ar-->Ù…Ù„Ø§Ø­Ø¸Ø§Øª Ø¥Ø¶Ø§ÙÙŠØ©<!--:--><!--:en-->Additional Notes<!--:-->', 'description_c', '{"type":"textarea","basic":"1"}', 'form', 0),
(29, '<!--:ar-->Ù†ÙˆØ¹ Ø§Ù„Ø§Ø¹Ù„Ø§Ù† <!--:--><!--:en-->features<!--:-->', 'features_c', '{"type":"select","force":"1","basic":"1","admin":"1"}', 'form', 0),
(30, '<!--:ar-->Ø¹Ù†ÙˆØ§Ù† Ø§Ù„Ø¥Ø¹Ù„Ø§Ù†<!--:--><!--:en-->title<!--:-->', 'title_c', '{"type":"text","force":"1","basic":"1"}', 'form', 0),
(31, '<!--:ar-->Ø§Ù„ÙØ¦Ø©<!--:--><!--:en-->Category<!--:-->', 'claas_car', '{"type":"select"}', 'form', 0),
(32, '<!--:ar-->Ù†Ø¸Ø§Ù… Ø¯ÙØ¹ Ø§Ù„Ø¹Ø¬Ù„Ø§Øª<!--:--><!--:en-->Wheel drive system<!--:-->', 'motive', '{"type":"select","force":"1"}', 'form', 0),
(33, '<!--:ar-->Ø§Ù„Ù„ÙˆÙ† Ø§Ù„Ø¯Ø§Ø®Ù„ÙŠ<!--:--><!--:en-->Interior Color<!--:-->', 'colorinter', '{"type":"text","force":"1"}', 'form', 0),
(36, '<!--:ar-->Ø§Ù„ÙˆÙ‚ÙˆØ¯<!--:--><!--:en-->Fuel<!--:-->', 'fuel', '{"type":"select","force":"1"}', 'form', 0),
(37, '<!--:ar-->Ø§Ù„Ù…ÙˆØ±Ø¯ <!--:--><!--:en-->Ø§Ù„Ù…ÙˆØ±Ø¯ <!--:-->', 'supplier', '{"type":"select","force":"1"}', 'form', 0),
(40, '<!--:ar-->Ø­Ø§Ù„Ø© Ø§Ù„Ø¨Ø¯ÙŠ<!--:--><!--:en-->Ø­Ø§Ù„Ø© Ø§Ù„Ø¨Ø¯ÙŠ<!--:-->', 'badi_case', '{"type":"text"}', 'form', 0),
(41, '<!--:ar-->Ø­Ø§Ù„Ø© Ø§Ù„Ù…ÙƒÙŠÙ†Ø©<!--:--><!--:en-->Ø­Ø§Ù„Ø© Ø§Ù„Ù…ÙƒÙŠÙ†Ø©<!--:-->', 'stat_mator', '{"type":"text"}', 'form', 0),
(45, '<!--:ar-->Ø¹Ø¯Ø¯ Ø§Ù„Ø³Ù„Ù†Ø¯Ø±Ø§Øª<!--:--><!--:en-->Ø¹Ø¯Ø¯ Ø§Ù„Ø³Ù„Ù†Ø¯Ø±Ø§Øª<!--:-->', 'numberselender', '{"type":"select","force":"1"}', 'form', 0),
(46, '<!--:ar-->Ù†ÙˆØ¹ Ø§Ù„Ù„ÙˆØ­Ù‡<!--:--><!--:en-->ÙˆÙ†ÙˆØ¹ Ø§Ù„Ù„ÙˆØ­Ù‡<!--:-->', 'type_lo7a', '{"type":"select","force":"1"}', 'form', 0),
(47, '<!--:ar-->Ø§Ù„Ø´Ø±ÙƒØ©<!--:--><!--:en-->Company<!--:-->', 'mobilecompany', '{"type":"select"}', 'form', 0),
(48, '<!--:ar-->Ø±Ù‚Ù… Ø§Ù„Ø¬ÙˆØ§Ù„<!--:--><!--:en-->Mobile number<!--:-->', 'mobilenumber', '{"type":"text","addon_end":"971","force":"1"}', 'form', 0);

-- --------------------------------------------------------

--
-- Table structure for table `option_system`
--

CREATE TABLE `option_system` (
  `id_sys` int(11) NOT NULL,
  `name_sys` varchar(64) NOT NULL,
  `value_sys` longtext NOT NULL,
  `type_sys` varchar(20) NOT NULL
) ENGINE=InnoDB DEFAULT CHARSET=latin1;

--
-- Dumping data for table `option_system`
--

INSERT INTO `option_system` (`id_sys`, `name_sys`, `value_sys`, `type_sys`) VALUES
(27, 'title_site', 'Ø§ÙˆØªÙˆÙ…Ø§Ø±Ùƒ', 'setting'),
(28, 'url_site', 'http://localhost/automark/', 'setting'),
(29, 'email_admin', 'info@automark.com', 'setting'),
(30, 'key_site', ' Ø§Ù„Ø³ÙŠØ§Ø±Ø§Øª Ø§Ù„Ø³Ø¹ÙˆØ¯ÙŠØ© , Ù„ÙˆØ­Ø§Øª Ø§Ù„Ø³ÙŠØ§Ø±Ø§Øª Ø§Ù„Ø³Ø¹ÙˆØ¯ÙŠØ©', 'setting'),
(31, 'des_site', ' Ù„Ø¨ÙŠØ¹ Ø§Ù„Ø³ÙŠØ§Ø±Ø§Øª ÙˆÙ„ÙˆØ­Ø§Øª Ø§Ù„Ø³ÙŠØ§Ø±Ø§Øª', 'setting'),
(32, 'act_site', 'on', 'setting'),
(33, 'default_language', 'ar', 'setting'),
(34, 'default_style', 'hragkom', 'setting'),
(35, 'default_controller', 'index', 'setting'),
(36, 'message_act', 'Ø§Ù„Ù…ÙˆÙ‚Ø¹ Ù…ØºÙ„Ù‚ Ù„Ù„ØµÙŠØ§Ù†Ø©', 'setting'),
(37, 'default_currency', '<!--:ar-->Ø§Ù„Ø¯Ø±Ù‡Ù… Ø§Ù„Ø¥Ù…Ø§Ø±Ø§ØªÙŠ<!--:--><!--:en-->AED<!--:-->', 'setting'),
(60, 'actcomment', '1', 'setting'),
(61, 'active_comment', '1', 'setting'),
(62, 'location_footer', 'Ø§Ù„Ø¹Ù†ÙˆØ§Ù†: Ø§Ù„Ù…Ù…Ù„ÙƒØ© Ø§Ù„Ø¹Ø±Ø¨ÙŠØ© Ø§Ù„Ø³Ø¹ÙˆØ¯ÙŠØ©ØŒ Ø§Ù„Ø±ÙŠØ§Ø¶ Ø´Ø§Ø±Ø¹ Ø³Ù„Ø·Ø§Ù†Ø©.', 'setting'),
(63, 'contact_footer', 'Ù‡Ø§ØªÙ: 4513663 (11) <br/>  ', 'setting'),
(64, 'email_footer', 'info@mazaadstore.com', 'setting'),
(65, 'facebook_footer', 'https://www.facebook.com/MazaadStore/', 'setting'),
(66, 'google_footer', 'google', 'setting'),
(67, 'twitter_footer', 'https://twitter.com/MazaadStore', 'setting'),
(68, 'youtube_footer', 'youtube', 'setting');

-- --------------------------------------------------------

--
-- Table structure for table `order_cars`
--

CREATE TABLE `order_cars` (
  `id` int(11) NOT NULL,
  `name` varchar(150) NOT NULL,
  `code` varchar(150) NOT NULL,
  `subject` longtext NOT NULL,
  `status` int(11) NOT NULL
) ENGINE=InnoDB DEFAULT CHARSET=latin1;

--
-- Dumping data for table `order_cars`
--

INSERT INTO `order_cars` (`id`, `name`, `code`, `subject`, `status`) VALUES
(7, '', 'rent', '{"name":"saad hamed radwan","lastname":"radwan","age":"12","email":"tigertheblack_2000@yahoo.com","mobile":"0548162130","datestart":{"date":"2014-07-30","time":"03:02"},"dateend":{"date":"2014-07-22","time":"02:00"},"ageup":"1","retur":"1","mkan":"sdf;gsjdflgksjdfgl","id":"12"}', 1);

-- --------------------------------------------------------

--
-- Table structure for table `pages`
--

CREATE TABLE `pages` (
  `id_p` int(11) NOT NULL,
  `name_p` varchar(100) CHARACTER SET utf8 COLLATE utf8_unicode_ci NOT NULL,
  `subject_p` longtext NOT NULL,
  `dir_p` varchar(10) NOT NULL,
  `order_p` int(11) NOT NULL
) ENGINE=InnoDB DEFAULT CHARSET=latin1;

--
-- Dumping data for table `pages`
--

INSERT INTO `pages` (`id_p`, `name_p`, `subject_p`, `dir_p`, `order_p`) VALUES
(2, '<!--:ar-->من نحن    <!--:--><!--:en-->   Who we are<!--:-->', '<!--:ar--><h2><span dir="RTL">Ù…Ø²Ø§Ø¯ Ø³ØªÙˆØ± :&nbsp;Ù‡ÙŠ Ø¨ÙˆØ§Ø¨Ø© Ø¥Ù„ÙƒØªØ±ÙˆÙ†ÙŠØ© Ù…ØªØ®ØµØµØ© ÙÙŠ Ù…Ø¬Ø§Ù„ Ø§Ù„Ø³ÙŠØ§Ø±Ø§Øª ÙˆÙ„ÙˆØ­Ø§Øª Ø§Ù„Ø³ÙŠØ§Ø±Ø§Øª ÙˆÙ‡ÙŠ Ø®Ø¯Ù…Ø© Ù…Ù‚Ø¯Ù…Ø© Ù…Ù† Ù…ÙƒØªØ¨ Ø§Ù„Ø­ÙˆÙŠÙ„ Ù„Ù„Ø®Ø¯Ù…Ø§Øª Ø§Ù„ØªØ¬Ø§Ø±ÙŠØ©. Ù…ÙˆÙ‚Ø¹&nbsp;Ù…Ø²Ø§Ø¯ Ø³ØªÙˆØ±&nbsp;Ù…Ø¤Ø³Ø³Ø© Ø³Ø¹ÙˆØ¯ÙŠØ© Ù¡Ù Ù  Ùª Ùˆ Ù…Ù‚Ø±Ù‡Ø§ Ø§Ù„Ø±Ø¦ÙŠØ³ÙŠ Ø§Ù„Ø±ÙŠØ§Ø¶.&nbsp;</span></h2>\r\n<!--:--><!--:en--><h2><span dir="RTL">&nbsp;</span></h2>\r\n<!--:-->', '', 1),
(3, '<!--:ar-->رؤيتنا    <!--:--><!--:en-->    Our vision<!--:-->', '<!--:ar--><!--:1-->\r\n<h2>Ù†ØªØ·Ù„Ø¹ Ù„ØªÙ‚Ø¯ÙŠÙ… Ù…Ù†ØªØ¬Ø§Øª Ùˆ Ø®Ø¯Ù…Ø§Øª Ù…Ù„Ø§Ø¦Ù…Ø© Ùˆ Ø³Ù‡Ù„Ø© Ù„ÙƒÙ„ Ø¹Ù…ÙŠÙ„ Ù…Ù† Ø¹Ù…Ù„Ø§Ø¦Ù†Ø§ Ùˆ Ù†Ø¹Ù…Ù„ Ù„Ù†ÙƒÙˆÙ† Ù…Ù…Ø«Ù„ Ø®Ø¯Ù…Ø§Øª Ø§Ù„Ù…Ø²Ø§Ø¯ Ø§Ù„Ø¥Ù„ÙƒØªØ±ÙˆÙ†ÙŠ Ø§Ù„Ø±Ø§Ø¦Ø¯ ÙÙŠ Ø§Ù„Ù…Ù…Ù„ÙƒØ© Ùˆ ÙˆØ§Ù„Ø¯ÙˆÙ„ Ø§Ù„Ø¹Ø±Ø¨ÙŠØ© Ùˆ Ø£Ø­Ø¯ Ø§Ù„Ø±ÙˆØ§Ø¯ ÙÙŠ Ù‡Ø°Ø§ Ø§Ù„Ù…Ø¬Ø§Ù„.</h2>\r\n<!--:--><!--:en--><!--:1-->\r\n<p>&nbsp;</p>\r\n<!--:-->', '', 1),
(4, '<!--:ar-->اعلن معنا   <!--:--><!--:en-->advertise with us   <!--:-->', '<!--:ar--><!--:1-->\r\n<p style="margin-right:40px"><strong>Ø£ØµØ¨Ø­ Ø§Ù„Ø¥Ø¹Ù„Ø§Ù† Ø¹Ù„Ù‰ Ø´Ø¨ÙƒØ© Ø§Ù„Ø§Ù†ØªØ±Ù†Øª Ø§Ù„ÙˆØ³ÙŠÙ„Ø© Ø§Ù„Ù…ÙØ¶Ù„Ø© Ù„Ø¯Ù‰ Ø§Ù„Ø¹Ø¯Ø¯ Ø§Ù„Ø£ÙƒØ¨Ø± Ù…Ù† Ø§Ù„Ø´Ø±ÙƒØ§Øª ÙˆØ§Ù„Ø£ÙØ±Ø§Ø¯.</strong></p>\r\n\r\n<p style="margin-right:40px"><strong>ÙˆØ§Ù„Ø³Ø¨Ø¨ ÙŠØ¹ÙˆØ¯ Ù„Ø³Ø±Ø¹Ø© Ø­ØµÙˆÙ„ Ø§Ù„Ù…Ø¹Ù„Ù† Ø¹Ù„Ù‰ Ø§Ù„Ù†ØªØ§Ø¦Ø¬ Ù…Ù† Ø¹Ø¯Ø¯ Ø§Ù„Ø²ÙˆØ§Ø± ÙˆØ§Ù„Ø²ÙŠØ§Ø±Ø§Øª ÙˆØ§Ù„Ø¯ÙˆÙ„ Ø§Ù„Ø¢ØªÙŠ Ù…Ù†Ù‡Ø§&nbsp;</strong></p>\r\n\r\n<p style="margin-right:40px"><strong>ÙˆØ¹Ø¯Ø¯ Ù…Ø´Ø§Ù‡Ø¯Ø© Ø§Ù„Ø¥Ø¹Ù„Ø§Ù†ØŒ ÙˆÙ…ÙˆÙ‚Ø¹ ÙŠÙ…ØªØ§Ø² Ø¨Ø§Ù„ØªØ§Ù„ÙŠ :</strong></p>\r\n\r\n<p style="margin-right:40px"><strong>- Ù…Ø¹Ø¯Ù„ Ø²ÙˆØ§Ø± Ø§Ù„Ù…ÙˆÙ‚Ø¹ ÙŠÙˆÙ…ÙŠØ§ Ø§ÙƒØ«Ø± Ù…Ù† 25000 Ø²Ø§Ø¦Ø±.</strong></p>\r\n\r\n<p style="margin-right:40px"><strong>- Ø§Ù„Ø²ÙˆØ§Ø± Ù…ØªØ¬Ø¯Ø¯ÙˆÙ† ÙˆÙ‡Ø°Ù‡ Ù…ÙŠØ²Ø© Ù…Ù‡Ù…Ø© Ù„ÙƒÙ„ Ù…Ø¹Ù„Ù†.</strong></p>\r\n\r\n<p style="margin-right:40px"><strong>- ÙŠØªÙ… Ø¥Ø¹Ø§Ø¯Ø© ØªØµÙ…ÙŠÙ… Ø§Ù„Ø¥Ø¹Ù„Ø§Ù† Ø¨Ø­ÙŠØ« ÙŠØªÙ†Ø§Ø³Ø¨ Ù…Ø¹ Ø§Ù„Ø£Ù„ÙˆØ§Ù† ÙˆØ§Ù„ØªØµÙ…ÙŠÙ…Ø§Øª Ø§Ù„Ø®Ø§ØµØ© Ø¨Ø§Ù„Ø´Ø¹Ø§Ø± ÙˆØ§Ù„Ø¹Ù„Ø§Ù…Ø§Øª Ø§Ù„ØªØ¬Ø§Ø±ÙŠØ©.</strong></p>\r\n<!--:--><!--:en--><!--:1-->\r\n<p style="margin-right:40px"><strong>Ø£ØµØ¨Ø­ Ø§Ù„Ø¥Ø¹Ù„Ø§Ù† Ø¹Ù„Ù‰ Ø´Ø¨ÙƒØ© Ø§Ù„Ø§Ù†ØªØ±Ù†Øª Ø§Ù„ÙˆØ³ÙŠÙ„Ø© Ø§Ù„Ù…ÙØ¶Ù„Ø© Ù„Ø¯Ù‰ Ø§Ù„Ø¹Ø¯Ø¯ Ø§Ù„Ø£ÙƒØ¨Ø± Ù…Ù† Ø§Ù„Ø´Ø±ÙƒØ§Øª ÙˆØ§Ù„Ø£ÙØ±Ø§Ø¯.</strong></p>\r\n\r\n<p style="margin-right:40px"><strong>ÙˆØ§Ù„Ø³Ø¨Ø¨ ÙŠØ¹ÙˆØ¯ Ù„Ø³Ø±Ø¹Ø© Ø­ØµÙˆÙ„ Ø§Ù„Ù…Ø¹Ù„Ù† Ø¹Ù„Ù‰ Ø§Ù„Ù†ØªØ§Ø¦Ø¬ Ù…Ù† Ø¹Ø¯Ø¯ Ø§Ù„Ø²ÙˆØ§Ø± ÙˆØ§Ù„Ø²ÙŠØ§Ø±Ø§Øª ÙˆØ§Ù„Ø¯ÙˆÙ„ Ø§Ù„Ø¢ØªÙŠ Ù…Ù†Ù‡Ø§&nbsp;</strong></p>\r\n\r\n<p style="margin-right:40px"><strong>ÙˆØ¹Ø¯Ø¯ Ù…Ø´Ø§Ù‡Ø¯Ø© Ø§Ù„Ø¥Ø¹Ù„Ø§Ù†ØŒ ÙˆÙ…ÙˆÙ‚Ø¹ ÙŠÙ…ØªØ§Ø² Ø¨Ø§Ù„ØªØ§Ù„ÙŠ :</strong></p>\r\n\r\n<p style="margin-right:40px"><strong>- Ù…Ø¹Ø¯Ù„ Ø²ÙˆØ§Ø± Ø§Ù„Ù…ÙˆÙ‚Ø¹ ÙŠÙˆÙ…ÙŠØ§ Ø§ÙƒØ«Ø± Ù…Ù† 25000 Ø²Ø§Ø¦Ø±.</strong></p>\r\n\r\n<p style="margin-right:40px"><strong>- Ø§Ù„Ø²ÙˆØ§Ø± Ù…ØªØ¬Ø¯Ø¯ÙˆÙ† ÙˆÙ‡Ø°Ù‡ Ù…ÙŠØ²Ø© Ù…Ù‡Ù…Ø© Ù„ÙƒÙ„ Ù…Ø¹Ù„Ù†.</strong></p>\r\n\r\n<p style="margin-right:40px"><strong>- ÙŠØªÙ… Ø¥Ø¹Ø§Ø¯Ø© ØªØµÙ…ÙŠÙ… Ø§Ù„Ø¥Ø¹Ù„Ø§Ù† Ø¨Ø­ÙŠØ« ÙŠØªÙ†Ø§Ø³Ø¨ Ù…Ø¹ Ø§Ù„Ø£Ù„ÙˆØ§Ù† ÙˆØ§Ù„ØªØµÙ…ÙŠÙ…Ø§Øª Ø§Ù„Ø®Ø§ØµØ© Ø¨Ø§Ù„Ø´Ø¹Ø§Ø± ÙˆØ§Ù„Ø¹Ù„Ø§Ù…Ø§Øª Ø§Ù„ØªØ¬Ø§Ø±ÙŠØ©.</strong></p>\r\n<!--:-->', '', 1),
(5, '<!--:ar-->اتصل بنا<!--:--><!--:en-->Contact Us<!--:-->', '<!--:ar--><p>&nbsp; &nbsp; &nbsp; &nbsp; &nbsp;</p>\r\n<!--:--><!--:en--><p>&nbsp; &nbsp; &nbsp; &nbsp; &nbsp;</p>\r\n<!--:-->', '', 1),
(6, '<!--:ar-->شروط استخدام الموقع   <!--:--><!--:en-->Instructions for use   <!--:-->', '<!--:ar--><!--:1-->\r\n<h2><strong><span dir="RTL">Ø´Ø±ÙˆØ· Ø§Ù„Ø¥Ø³ØªØ®Ø¯Ø§Ù…</span></strong></h2>\r\n\r\n<h2><strong><span dir="RTL">Ù…Ù‚Ø¯Ù…Ø©</span></strong></h2>\r\n\r\n<h2><span dir="RTL">Ø£Ù‡Ù„Ø§Ù‹ Ø¨Ùƒ ÙÙŠ&nbsp;<strong>Ø§ÙˆØªÙˆ Ù…Ø§Ø±Ùƒ</strong></span></h2>\r\n\r\n<h2><strong><span dir="RTL">Ø§ÙˆØªÙˆ Ù…Ø§Ø±Ùƒ&nbsp;</span></strong><span dir="RTL">Ù‡ÙŠ Ø¨ÙˆØ§Ø¨Ø© Ø¥Ù„ÙƒØªØ±ÙˆÙ†ÙŠØ© Ù…ØªØ®ØµØµØ© ÙÙŠ Ù…Ø¬Ø§Ù„ Ø§Ù„Ø³ÙŠØ§Ø±Ø§Øª ÙˆÙ„ÙˆØ­Ø§Øª Ø§Ù„Ø³ÙŠØ§Ø±Ø§Øª ÙˆÙ‡ÙŠ Ø®Ø¯Ù…Ø© Ù…Ù‚Ø¯Ù…Ø© Ù…Ù† Ù…ÙƒØªØ¨ Ø§Ù„Ø­ÙˆÙŠÙ„ Ù„Ù„Ø®Ø¯Ù…Ø§Øª Ø§Ù„ØªØ¬Ø§Ø±ÙŠØ©. Ù…ÙˆÙ‚Ø¹&nbsp;<strong>Ø§ÙˆØªÙˆ Ù…Ø§Ø±Ùƒ</strong>&nbsp;Ù…Ø¤Ø³Ø³Ø© Ø³Ø¹ÙˆØ¯ÙŠØ© Ù¡Ù Ù  Ùª Ùˆ Ù…Ù‚Ø±Ù‡Ø§ Ø§Ù„Ø±Ø¦ÙŠØ³ÙŠ Ø§Ù„Ø±ÙŠØ§Ø¶.&nbsp;</span></h2>\r\n\r\n<h2>&nbsp;</h2>\r\n\r\n<h2><strong><span dir="RTL">Ø§Ù„Ù…Ø´ØªØ±Ùƒ</span></strong><span dir="RTL">&nbsp;ÙˆÙ‡Ùˆ Ø§Ù„Ø¹Ø¶Ùˆ Ø§Ù„Ù…Ø³Ø¬Ù„ Ø¶Ù…Ù† Ù‚Ø§Ø¹Ø¯Ø© Ø¨ÙŠØ§Ù†Ø§Øª&nbsp;<strong>Ø§ÙˆØªÙˆ Ù…Ø§Ø±Ùƒ</strong>&nbsp;Ø¨Ù…Ø­Ø¶ Ø¥Ø±Ø¯Ø§ØªÙ‡ Ùˆ Ø±ØºØ¨ØªÙ‡.</span></h2>\r\n\r\n<h2>&nbsp;</h2>\r\n\r\n<h2><strong><span dir="RTL">Ø§Ù„Ø®Ø¯Ù…Ø©</span></strong><span dir="RTL">&nbsp;Ù‡ÙŠ Ø¬Ù…ÙŠØ¹ Ø§Ù„Ø®Ø¯Ù…Ø§Øª ÙˆØ§Ù„Ø®ÙˆØ§Øµ Ø§Ù„Ù…ØªØ§Ø­Ø© Ù„Ù„Ø¹Ø¶Ùˆ Ø§Ù„Ù…Ø³Ø¬Ù„ ÙˆØ§Ù„Ù…Ø´ØªØ±Ùƒ ÙÙŠ&nbsp;<strong>Ø§ÙˆØªÙˆ Ù…Ø§Ø±Ùƒ&nbsp;</strong>Ø¨Ù…Ù‚ØªØ¶Ù‰ Ø§Ø´ØªØ±Ø§ÙƒÙ‡ ÙÙŠ Ø§Ù„ØªØ¹Ù‚ÙŠØ¨Ø§Øª Ø¹Ù„Ù‰ Ø§Ù„Ù…Ø­ØªÙˆÙ‰ Ø§Ù„Ù…Ù†Ø´ÙˆØ± ÙˆØ§Ø³ØªÙØªØ§Ø¡Ø§Øª ÙˆØºÙŠØ±Ù‡Ø§ Ù…Ù† Ø§ÙŠØ© Ø®Ø¯Ù…Ø§Øª ØªØ³ØªØ¬Ø¯ Ø¹Ù„Ù‰ Ø§Ù„Ø¨ÙˆØ§Ø¨Ø© ÙˆÙŠÙ‚Ø±Ø± Ø§Ù„Ù‚Ø§Ø¦Ù…ÙŠÙ† Ø¹Ù„ÙŠÙ‡Ø§ Ø¥ØªØ§Ø­ØªÙ‡Ø§ Ù„Ù„Ù…Ø´ØªØ±ÙƒÙŠÙ† Ø¨Ù…Ù‚Ø§Ø¨Ù„ Ù…Ø§Ø¯ÙŠ Ø£ÙˆØ¨Ø¯ÙˆÙ†.</span>&nbsp;</h2>\r\n\r\n<h2>&nbsp;</h2>\r\n\r\n<h2><span dir="RTL">Ø¥ØªÙØ§Ù‚ÙŠØ© Ø§Ù„Ø¥Ø³ØªØ®Ø¯Ø§Ù… Ù‡Ø°Ù‡ ØªØ­Ø¯Ø¯ Ø§Ù„Ø´Ø±ÙˆØ· ÙˆØ§Ù„Ø£Ø­ÙƒØ§Ù… Ø§Ù„Ù„Ø§Ø²Ù… ØªÙˆÙØ±Ù‡Ø§ Ø¹Ù†Ø¯ Ø¥Ø³ØªØ®Ø¯Ø§Ù…Ùƒ Ù„Ù„Ø®Ø¯Ù…Ø©</span>.&nbsp;</h2>\r\n\r\n<h2>&nbsp;</h2>\r\n\r\n<h2>&nbsp;</h2>\r\n\r\n<h2><strong><span dir="RTL">Ø´Ø±ÙˆØ· ÙˆØ£Ø­ÙƒØ§Ù… Ø¹Ø§Ù…Ø©</span></strong></h2>\r\n\r\n<ul>\r\n	<li>\r\n	<h2>Ø¹Ù†Ø¯ Ø¥Ø³ØªØ®Ø¯Ø§Ù…Ùƒ Ù„Ù‡Ø°Ù‡ Ø§Ù„Ø®Ø¯Ù…Ø© ÙØ£Ù†Øª Ù…ÙÙ„Ø²Ù… Ø¨Ø§Ù„Ø¥Ù„ØªØ²Ø§Ù… Ø¨Ø´Ø±ÙˆØ· Ù‡Ø°Ø© Ø§Ù„Ø§ØªÙØ§Ù‚ÙŠØ©</h2>\r\n	</li>\r\n	<li>\r\n	<h2>Ø§Ù„Ø®Ø¯Ù…Ø© Ù…ØªØ§Ø­Ø© Ù„Ø¬Ù…ÙŠØ¹ Ø§Ù„Ù†Ø§Ø³ Ø¨Ø¯ÙˆÙ† ØªÙØ±Ù‚Ø©</h2>\r\n	</li>\r\n	<li>\r\n	<h2>ÙŠÙÙ…Ù†Ø¹ Ø¥Ø³ØªØ®Ø¯Ø§Ù… Ø§Ù„Ø®Ø¯Ù…Ø© Ø¨Ø£ÙŠ Ø·Ø±ÙŠÙ‚Ø© ØªØ®Ù„ Ø¨Ù‚ÙˆØ§Ù†ÙŠÙ† Ø§Ù„Ù…Ù…Ù„ÙƒØ© Ø§Ù„Ø¹Ø±Ø¨ÙŠØ© Ø§Ù„Ø³Ø¹ÙˆØ¯ÙŠØ© Ùˆ Ù‚ÙˆØ§Ù†ÙŠÙ† Ø£ÙŠ Ø¯ÙˆÙ„Ø© ØªØªÙˆÙØ± Ø¨Ù‡Ø§ Ø®Ø¯Ù…Ø§Øª<strong>&nbsp;Ø§ÙˆØªÙˆ Ù…Ø§Ø±Ùƒ</strong></h2>\r\n	</li>\r\n	<li>\r\n	<h2>Ø¬Ù…ÙŠØ¹ Ù…Ø­ØªÙˆÙŠØ§Øª Ù‡Ø°Ù‡ Ø§Ù„Ø®Ø¯Ù…Ø© Ù‡ÙŠ Ø­Ù‚ÙˆÙ‚ Ù…Ù„ÙƒÙŠØ© ÙÙƒØ±ÙŠØ© Ù…Ø­ÙÙˆØ¸Ø© Ù„Ù€&nbsp;<strong>Ø§ÙˆØªÙˆ Ù…Ø§Ø±Ùƒ&nbsp;</strong>ÙˆÙŠÙ…Ù†Ø¹ Ø¥Ø³ØªØ®Ø¯Ø§Ù…Ù‡Ø§ Ø¨Ø£ÙŠ Ø´ÙƒÙ„ Ù…Ù† Ø§Ù„Ø£Ø´ÙƒØ§Ù„ Ù…Ù† Ø£ÙŠ Ø£Ø·Ø±Ø§Ù Ø£Ø®Ø±Ù‰</h2>\r\n	</li>\r\n	<li>\r\n	<h2>Ù„Ø§ ÙŠÙØ³Ù…Ø­ Ø¨Ø¥Ø³ØªØ®Ø¯Ø§Ù… ÙˆØ³ÙŠÙ„Ø© Ø§Ù„ØªÙˆØ§ØµÙ„ Ù…Ø¹ Ø§Ù„Ù…Ø¹Ù„Ù†ÙŠÙ† Ø¥Ù„Ø§ Ù„ØºØ±Ø¶ Ø´Ø±Ø§Ø¡ Ø§Ù„Ø³Ù„Ø¹Ø© Ø§Ù„Ù…Ø¹Ù„Ù† Ø¹Ù†Ù‡Ø§ ÙÙ‚Ø·</h2>\r\n	</li>\r\n	<li>\r\n	<h2>Ù„Ø§ ÙŠÙØ³Ù…Ø­ Ø¨Ø¥Ø³ØªØ®Ø¯Ø§Ù… Ø§Ù„Ø®Ø¯Ù…Ø© Ù„ØºØ±Ø¶ Ø¬Ù…Ø¹ Ø§Ù„Ù…Ø¹Ù„ÙˆÙ…Ø§Øª</h2>\r\n	</li>\r\n	<li>\r\n	<h2>Ù„Ø§ ÙŠÙ‚Ø¯Ù… Ø§Ù„Ù…ÙˆÙ‚Ø¹ Ø£ÙŠ Ø¶Ù…Ø§Ù† Ù„Ø£ÙŠ Ø¹Ù…Ù„ÙŠØ© ØªØ¬Ø§Ø±ÙŠØ©</h2>\r\n	</li>\r\n</ul>\r\n\r\n<h2><strong><span dir="RTL">Ø´Ø±ÙˆØ· Ø§Ù„Ø¹Ø¶ÙˆÙŠØ©</span></strong></h2>\r\n\r\n<ul>\r\n	<li>\r\n	<h2>ÙŠÙ„Ø²Ù… Ø§Ø®ØªÙŠØ§Ø± Ø£Ø³Ù… Ù„Ø§Ø¦Ù‚ Ùˆ Ù…Ù†Ø§Ø³Ø¨ Ø®Ù„Ø§Ù„ Ø¹Ù…Ù„ÙŠØ© Ø§Ù„ØªØ³Ø¬ÙŠÙ„</h2>\r\n	</li>\r\n	<li>\r\n	<h2>ÙŠÙ„ØªØ²Ù…&nbsp; Ø§Ù„Ø¹Ø¶Ùˆ Ø¨Ø£Ù† ÙŠÙ‚Ø¯Ù… Ù…Ø¹Ù„ÙˆÙ…Ø§Øª ØµØ­ÙŠØ­Ø©&nbsp;&nbsp;ÙˆØ£Ù† ÙŠÙ‚ÙˆÙ… Ø¨ØªØ¹Ø¯ÙŠÙ„Ù‡Ø§ ÙˆØªØ­Ø¯ÙŠØ«Ù‡Ø§ Ø¹Ù†Ø¯ Ø§Ù„Ø¶Ø±ÙˆØ±Ø©</h2>\r\n	</li>\r\n	<li>\r\n	<h2>ÙŠÙ„ØªØ²Ù… Ø§Ù„Ø¹Ø¶Ùˆ Ø¨Ø¹Ø¯Ù… Ù…Ø´Ø§Ø±ÙƒØ© Ù…Ø¹Ù„ÙˆÙ…Ø§Øª Ø¹Ø¶ÙˆÙŠØªÙ‡ Ø§Ù„Ø®Ø§Øµ Ø¨Ù‡ Ù…Ø¹ Ø£ÙŠ Ø£Ø­Ø¯</h2>\r\n	</li>\r\n	<li>\r\n	<h2>ÙŠÙ„ØªØ²Ù…&nbsp;<strong>Ø§ÙˆØªÙˆ Ù…Ø§Ø±Ùƒ</strong>&nbsp;Ø¨Ø£ØªØ®Ø§Ø° Ø§Ù„Ù…Ø¹Ø§ÙŠÙŠØ± Ø§Ù„Ù„Ø§Ø²Ù…Ø© Ù„Ø­Ù…Ø§ÙŠØ© Ø§Ù„Ø¨ÙŠØ§Ù†Ø§Øª ÙˆØ­ÙØ¸Ù‡Ø§ØŒ Ø¹Ù„Ù…Ø§ Ø¨Ø£Ù† Ø´Ø¨ÙƒØ© Ø§Ù„Ø§Ù†ØªØ±Ù†Øª Ù„ÙŠØ³Øª ÙˆØ³ÙŠÙ„Ø© Ø¢Ù…Ù†Ø© Ø¨Ù†Ø³Ø¨Ø© Ù¡Ù Ù Ùª Ù„Ø­ÙØ¸ Ø§Ù„Ù…Ø¹Ù„ÙˆÙ…Ø§Øª Ø§Ù„Ø³Ø±ÙŠØ©</h2>\r\n	</li>\r\n	<li>\r\n	<h2>ØªØªØ¨Ø§Ø¯Ù„ Ø§Ù„Ø®Ø¯Ù…Ø© Ø¨Ø¹Ø¶ Ø§Ù„Ù…Ø¹Ù„ÙˆÙ…Ø§Øª Ù…Ø¹ Ø¬Ù‡Ø§Ø²Ùƒ Ù„ØºØ±Ø¶ ØªÙ‚Ø¯ÙŠÙ… Ø§Ù„Ø®Ø¯Ù…Ø© Ù„Ùƒ</h2>\r\n	</li>\r\n	<li>\r\n	<h2>ÙŠØ­Ù‚ Ù„<strong>Ø§ÙˆØªÙˆ Ù…Ø§Ø±Ùƒ&nbsp;</strong>Ø£Ù† ÙŠÙ†Ù‡ÙŠ Ø¹Ù‚Ø¯ Ø§Ù„Ø®Ø¯Ù…Ø© ÙˆÙŠÙ†Ù‡ÙŠ Ø§Ø³ØªØ¹Ù…Ø§Ù„ Ø§Ù„Ù…Ø´ØªØ±Ùƒ Ù„Ù„Ø¨ÙˆØ§Ø¨Ø© ÙÙŠ Ø­Ø§Ù„Ø© Ø§ÙƒØªØ´Ø§ÙÙ‡ Ø£Ù† Ø§Ù„Ù…Ø¹Ù„ÙˆÙ…Ø§Øª Ø§Ù„ØªÙŠ Ù‚Ø§Ù… Ø§Ù„Ù…Ø´ØªØ±Ùƒ Ø¨ØªØ²ÙˆÙŠØ¯Ù‡Ø§ Ù…Ø¶Ù„Ù‘Ù„Ø© ÙˆØºÙŠØ± ØµØ­ÙŠØ­Ø©</h2>\r\n	</li>\r\n	<li>\r\n	<h2>ÙŠØ­Ù‚ Ù„<strong>Ø§ÙˆØªÙˆ Ù…Ø§Ø±Ùƒ&nbsp;</strong>Ù…Ø±Ø§Ø³Ù„Ø© Ø§Ù„Ø£Ø¹Ø¶Ø§Ø¡ ÙˆØ¥Ø¹Ù„Ø§Ù…Ù‡Ù… Ø¨Ø£ÙŠØ© Ø®Ø¯Ù…Ø§Øª Ø¬Ø¯ÙŠØ¯Ø© Ø£Ùˆ Ø¥Ø¶Ø§ÙÙŠØ© Ø£Ùˆ Ø£ÙŠØ© Ø¥Ø¹Ù„Ø§Ù†Ø§Øª ÙŠØ±Ø§Ù‡Ø§ Ù…Ù†Ø§Ø³Ø¨Ø©</h2>\r\n	</li>\r\n</ul>\r\n\r\n<h2><strong><span dir="RTL">Ø´Ø±ÙˆØ· Ø§Ù„Ø¥Ø¹Ù„Ø§Ù†</span></strong></h2>\r\n\r\n<ul>\r\n	<li>\r\n	<h2>ÙŠÙ„Ø²Ù… Ø£Ù† ØªÙƒÙˆÙ† Ø§Ù„Ù…Ø§Ø¯Ø© Ø§Ù„Ø¥Ø¹Ù„Ø§Ù†ÙŠØ© Ø§Ù„Ù…Ø¹Ù„Ù† Ø¹Ù†Ù‡Ø§ Ø³Ù„Ø¹Ø© ÙÙ‚Ø·</h2>\r\n	</li>\r\n	<li>\r\n	<h2>ÙŠØ¬Ø¨ Ø£Ù† ÙŠÙƒÙˆÙ† Ø§Ù„Ø¥Ø¹Ù„Ø§Ù† ÙƒØ§Ù…Ù„ Ø§Ù„ØªÙØ§ØµÙŠÙ„ ÙˆÙÙŠ Ø§Ù„Ù‚Ø³Ù… Ø§Ù„ØµØ­ÙŠØ­</h2>\r\n	</li>\r\n	<li>\r\n	<h2>ÙŠØ­Ù‚ Ù„Ù„Ù…ÙˆÙ‚Ø¹ Ø­Ø°Ù Ø£ÙŠ Ø¥Ø¹Ù„Ø§Ù† Ù…Ù† Ø¯ÙˆÙ† Ø°ÙƒØ± Ø³Ø¨Ø¨ Ø§Ù„Ø­Ø°Ù</h2>\r\n	</li>\r\n	<li>\r\n	<h2>ÙŠÙÙ…Ù†Ø¹ Ù†Ø³Ø® Ø£ÙŠ Ø¥Ø¹Ù„Ø§Ù† Ù…Ù† Ø§Ù„Ù…ÙˆÙ‚Ø¹</h2>\r\n	</li>\r\n	<li>\r\n	<h2>ÙŠÙÙ…Ù†Ø¹ Ø§Ø³ØªØ®Ø¯Ø§Ù… Ø£ÙŠ Ø¬Ø²Ø¡ Ù…Ù† Ø£ÙŠ Ø¥Ø¹Ù„Ø§Ù† ÙÙŠ Ø§Ù„Ù…ÙˆÙ‚Ø¹</h2>\r\n	</li>\r\n	<li>\r\n	<h2>ÙŠÙ„ØªØ²Ù… Ø§Ù„Ù…Ø¹Ù„Ù† Ø¨Ø£Ù† ØªÙƒÙˆÙ† Ø§Ù„ØµÙˆØ± Ø§Ù„Ù…Ø¶Ø§ÙØ© ÙÙŠ Ø§Ù„Ø¥Ø¹Ù„Ø§Ù† Ù„Ù†ÙØ³ Ø§Ù„Ø³Ù„Ø¹Ø© Ø§Ù„Ù…Ø¹Ù„Ù† Ø¹Ù†Ù‡Ø§</h2>\r\n	</li>\r\n	<li>\r\n	<h2>ÙŠÙ„ØªØ²Ù… Ø§Ù„Ù…Ø¹Ù„Ù† Ø¨Ø¹Ø¯Ù… Ø¥Ø¶Ø§ÙØ© Ø£ÙƒØ«Ø± Ù…Ù† &nbsp;Ø¥Ø¹Ù„Ø§Ù† ÙÙŠ Ø§Ù„Ù…ÙˆÙ‚Ø¹ Ù„Ù†ÙØ³ Ø§Ù„Ø³Ù„Ø¹Ø© Ø¨Ù†ÙØ³ Ø§Ù„ÙˆÙ‚Øª</h2>\r\n	</li>\r\n</ul>\r\n\r\n<h2>&nbsp;</h2>\r\n\r\n<h2>&nbsp;</h2>\r\n\r\n<h2><strong><span dir="RTL">Ù…Ø¹Ø§Ù‡Ø¯Ø© Ø¥Ø³ØªØ®Ø¯Ø§Ù… Ø§Ù„Ù…ÙˆÙ‚Ø¹</span></strong></h2>\r\n\r\n<hr />\r\n<h2>Ø¹Ù†Ø¯ Ø¥Ø³ØªØ®Ø¯Ø§Ù…Ùƒ Ù„Ù„Ù…ÙˆÙ‚Ø¹ ÙØ§Ù†Øª ØªØªØ¹Ù‡Ø¯ Ø¨Ø§Ù„Ø¢ØªÙŠ<span dir="LTR">:</span></h2>\r\n\r\n<ul>\r\n	<li>\r\n	<h2>ØªØªØ¹Ù‡Ø¯ Ø¨Ø¹Ø¯Ù… Ø§Ù„Ù…Ø²Ø§ÙŠØ¯Ø© Ø§Ù„ØºÙŠØ± Ø¬Ø§Ø¯Ù‡</h2>\r\n	</li>\r\n	<li>\r\n	<h2>ØªØªØ¹Ù‡Ø¯ Ø¨Ø¹Ø¯Ù… Ø¨Ø®Ø³ Ø£ÙŠ Ø³Ù„Ø¹Ø©</h2>\r\n	</li>\r\n	<li>\r\n	<h2>ØªØªØ¹Ù‡Ø¯ Ø¨Ø¯ÙØ¹&nbsp;Ø¹Ù…ÙˆÙ„Ø© Ø§Ù„Ù…ÙˆÙ‚Ø¹ ÙˆÙ‡ÙŠ 1% Ø¹Ù„Ù‰ Ø§Ù„Ù…Ø¹Ù„Ù† ÙÙŠ Ø­Ø§Ù„Ø© Ø¥ØªÙ…Ø§Ù… Ø§Ù„Ø¨ÙŠØ¹</h2>\r\n	</li>\r\n	<li>\r\n	<h2>ØªØªØ¹Ù‡Ø¯ Ø¨Ø¹Ø¯Ù… Ø§Ù„Ø¥Ø¹Ù„Ø§Ù† Ø¨Ø£ÙƒØ«Ø± Ù…Ù† Ø¹Ø¶ÙˆÙŠØ© ØªØ§Ø¨Ø¹Ø© Ù„Ùƒ ÙÙŠ Ø§Ù„Ù…ÙˆÙ‚Ø¹</h2>\r\n	</li>\r\n	<li>\r\n	<h2>ØªØªØ¹Ù‡Ø¯ Ø¨Ø¹Ø¯Ù… Ø§Ù„Ø¥Ø¹Ù„Ø§Ù† Ù„Ø´Ø®Øµ Ù„Ø§ØªØ¹Ø±ÙÙ‡</h2>\r\n	</li>\r\n	<li>\r\n	<h2>ØªØªØ¹Ù‡Ø¯ Ø¨Ø¹Ø¯Ù… Ø§Ø¹Ø·Ø§Ø¡ Ù…Ø¹Ù„ÙˆÙ…Ø§Øª Ø¹Ø¶ÙˆÙŠØªÙƒ Ù„Ø£ÙŠ Ø´Ø®Øµ</h2>\r\n	</li>\r\n	<li>\r\n	<h2>ØªØªØ¹Ù‡Ø¯ Ø¨Ø§Ù„Ø¥Ù„ØªØ²Ø§Ù… Ø¨Ø´Ø±ÙˆØ·&nbsp;Ø§Ù„Ø¥Ø³ØªØ®Ø¯Ø§Ù…</h2>\r\n	</li>\r\n</ul>\r\n\r\n<h2>Ø¨Ø³Ù… Ø§Ù„Ù„Ù‡ Ø§Ù„Ø±Ø­Ù…Ù† Ø§Ù„Ø±Ø­ÙŠÙ… Ù‚Ø§Ù„ Ø§Ù„Ù„Ù‡ ØªØ¹Ø§Ù„Ù‰ : <strong>(ÙˆÙŽØ£ÙŽÙˆÙ’ÙÙÙˆØ§Ù’ Ø¨ÙØ¹ÙŽÙ‡Ù’Ø¯Ù Ø§Ù„Ù„Ù‡Ù Ø¥ÙØ°ÙŽØ§ Ø¹ÙŽØ§Ù‡ÙŽØ¯ØªÙÙ‘Ù…Ù’ ÙˆÙŽÙ„Ø§ÙŽ ØªÙŽÙ†Ù‚ÙØ¶ÙÙˆØ§Ù’ Ø§Ù„Ø£ÙŽÙŠÙ’Ù…ÙŽØ§Ù†ÙŽ Ø¨ÙŽØ¹Ù’Ø¯ÙŽ ØªÙŽÙˆÙ’ÙƒÙÙŠØ¯ÙÙ‡ÙŽØ§ ÙˆÙŽÙ‚ÙŽØ¯Ù’ Ø¬ÙŽØ¹ÙŽÙ„Ù’ØªÙÙ…Ù Ø§Ù„Ù„Ù‡ÙŽ Ø¹ÙŽÙ„ÙŽÙŠÙ’ÙƒÙÙ…Ù’ ÙƒÙŽÙÙÙŠÙ„Ø§Ù‹) &nbsp;&nbsp;&nbsp;ØµØ¯Ù‚ Ø§Ù„Ù„Ù‡ Ø§Ù„Ø¹Ø¸ÙŠÙ…</strong></h2>\r\n<!--:--><!--:en--><!--:1-->\r\n<h2>&nbsp;</h2>\r\n<!--:-->', '', 1),
(7, '<!--:ar-->خدماتنا<!--:--><!--:en-->Our Services<!--:-->', '', '', 0),
(8, '<!--:ar-->عمولة مزاد ستور<!--:--><!--:en-->Mazaad Store Commission<!--:-->', '<!--:ar--><!--:1-->\r\n<h2>Ø·Ø±ÙŠÙ‚Ø© Ø¯ÙØ¹ Ø§Ù„Ø¹Ù…ÙˆÙ„Ø§Øª Ø¹Ù† Ø·Ø±ÙŠÙ‚ ØªØ­ÙˆÙŠÙ„Ù‡Ø§ Ø¥Ù„Ù‰ Ø£Ø­Ø¯ Ø§Ù„Ø­Ø³Ø§Ø¨Ø§Øª Ø§Ù„Ø®Ø§ØµØ© Ø¨Ù†Ø§: (Ù…ÙƒØªØ¨ Ø¹Ø¨Ø¯Ø§Ù„Ø¹Ø²ÙŠØ² Ù†Ø§ÙŠÙ Ø§Ù„Ø­ÙˆÙŠÙ„ Ù„Ù„Ø®Ø¯Ù…Ø§Øª Ø§Ù„ØªØ¬Ø§Ø±ÙŠØ©)</h2>\r\n\r\n<h2>Ø­Ø³Ø§Ø¨ Ø¨Ù†Ùƒ Ø§Ù„Ø±Ø§Ø¬Ø­ÙŠ : 195608010402217</h2>\r\n\r\n<h2>Ø¢ÙŠØ¨Ø§Ù† : SA788000 0195 6080 1040 2217</h2>\r\n\r\n<h2>Ø­Ø³Ø§Ø¨ Ø¨Ù†Ùƒ Ø§Ù„Ø£Ù‡Ù„ÙŠ : 22077780000100</h2>\r\n\r\n<h2>Ø¢ÙŠØ¨Ø§Ù† : SA55 1000 0022 0777 8000 0100</h2>\r\n\r\n<h2>&nbsp;</h2>\r\n<!--:--><!--:en--><h2>Method of payment of commissions by converting to one of our accounts : (Abdulaziz Naif Alhawil Office)</h2>\r\n\r\n<h2 style="margin-right:480px">Alrajhi Acount Number :&nbsp;195608010402217</h2>\r\n\r\n<h2 style="margin-right:520px">Iban :&nbsp;SA788000 0195 6080 1040 2217</h2>\r\n\r\n<h2 style="margin-right:480px">Alahli Acount Number :&nbsp;22077780000100</h2>\r\n\r\n<h2 style="margin-right:480px">Iban :&nbsp;SA55 1000 0022 0777 8000 0100</h2>\r\n\r\n<p>&nbsp;</p>\r\n<!--:-->', '', 1),
(9, '', '', '', 0),
(10, '', '', '', 0);

-- --------------------------------------------------------

--
-- Table structure for table `permis`
--

CREATE TABLE `permis` (
  `id_m` int(11) NOT NULL,
  `name_m` int(11) NOT NULL,
  `code_m` int(11) NOT NULL
) ENGINE=InnoDB DEFAULT CHARSET=latin1;

--
-- Dumping data for table `permis`
--

INSERT INTO `permis` (`id_m`, `name_m`, `code_m`) VALUES
(1, 0, 0),
(2, 0, 0),
(3, 0, 0);

-- --------------------------------------------------------

--
-- Table structure for table `shows`
--

CREATE TABLE `shows` (
  `id_s` int(11) NOT NULL,
  `user_id` int(11) NOT NULL,
  `name_ar_s` varchar(50) NOT NULL,
  `name_en_s` varchar(50) NOT NULL,
  `city_s` int(11) NOT NULL,
  `region_s` varchar(50) NOT NULL,
  `phone_num1` varchar(50) NOT NULL,
  `phone_num2` varchar(50) NOT NULL,
  `images_s` varchar(50) NOT NULL,
  `act_s` int(11) NOT NULL,
  `ads_s` varchar(200) NOT NULL,
  `type_s` int(11) NOT NULL,
  `email_s` varchar(130) NOT NULL
) ENGINE=InnoDB DEFAULT CHARSET=latin1;

--
-- Dumping data for table `shows`
--

INSERT INTO `shows` (`id_s`, `user_id`, `name_ar_s`, `name_en_s`, `city_s`, `region_s`, `phone_num1`, `phone_num2`, `images_s`, `act_s`, `ads_s`, `type_s`, `email_s`) VALUES
(1, 0, 'Ù…ÙˆØªÙˆØ±Ø² Ø¨Ù„Ø§Ø²Ø§asdasd', '', 0, '', '', '', 'upl_53baeb3242367.jpg', 1, '', 1, 'ah1@ah.com'),
(2, 0, 'Ø§Ø­Ù…Ø¯ Ù…ÙˆØªÙˆØ±Ø²', '', 0, '', '', '', 'upl_53baeb3242367.jpg', 1, 'sdasdgas', 1, 'ah2@ah.com'),
(3, 0, 'sdfasdfasdf', '', 98, 'Ø§Ù„Ù‚ÙˆØ² Ø§Ù„ØµÙ†Ø§Ø¹ÙŠØ©', '4545', '7888', 'upl_53baeb3242367.jpg', 1, '', 1, 'ah3@ah.com'),
(4, 0, 'sdfasdf', '', 0, '', '', '', 'upl_53baeb3242367.jpg', 1, 'sdfagdfg', 2, 'ah4@ah.com'),
(5, 0, 'ssss', '', 0, '', '', '', 'upl_53baeb3242367.jpg', 0, 'sdsad', 1, 'ah5@ah.com'),
(6, 0, 'asdasd', '', 98, '', '', '', 'upl_53baeb3242367.jpg', 1, '', 2, 'ah6@ah.com'),
(7, 34, 'Ø´Ø§Ù‡Ø¯', 'Shows Mh', 98, 'Ø§Ù„Ù‚ÙˆØ² Ø§Ù„ØµÙ†Ø§Ø¹ÙŠØ©', '123 1434 7 971+', '123 1234 4 971+', 'upl_53baeb3242367.jpg', 1, '', 2, 'ah7@ah.com');

-- --------------------------------------------------------

--
-- Table structure for table `spam_system`
--

CREATE TABLE `spam_system` (
  `id_ss` int(11) NOT NULL,
  `type_ss` int(11) NOT NULL,
  `subject_ss` text NOT NULL,
  `ip_ss` varchar(20) NOT NULL,
  `id_user` int(11) NOT NULL,
  `id_car` int(11) NOT NULL,
  `time_ss` varchar(20) NOT NULL,
  `id_comment` int(11) NOT NULL,
  `type_car` varchar(20) NOT NULL
) ENGINE=InnoDB DEFAULT CHARSET=latin1;

--
-- Dumping data for table `spam_system`
--

INSERT INTO `spam_system` (`id_ss`, `type_ss`, `subject_ss`, `ip_ss`, `id_user`, `id_car`, `time_ss`, `id_comment`, `type_car`) VALUES
(1, 1, 'eeeeeeeeee', '11', 9, 36, '1428413891', 0, 'comment'),
(2, 1, 'fffffffffff', '11', 9, 36, '1428415588', 1, 'comment'),
(3, 1, 'Ù‚Ù‚Ù‚Ù‚Ù‚Ù‚Ù‚Ù‚Ù‚Ù‚Ù‚', '11', 9, 36, '1428415703', 0, 'art'),
(4, 1, 'lfkgjsdlf', '11', 23, 0, '1488147405', 0, ''),
(5, 1, 'ttttttttt', '11', 23, 0, '1488147457', 0, ''),
(6, 1, 'gggggggggg', '11', 23, 0, '1488147529', 0, ''),
(7, 1, 'Ø§Ø§Ø§Ø§Ø§', '11', 23, 0, '1488147591', 0, ''),
(8, 1, 'Ø§Ø§Ø§', '11', 23, 0, '1488147686', 0, ''),
(9, 1, 'ttttttttt', '11', 23, 0, '1488208719', 0, ''),
(10, 1, 'ttttttttt', '11', 23, 0, '1488208722', 0, ''),
(11, 1, 'Ø§Ù„Ù…ÙˆØ§ØµÙØ§Øª Ù…Ø§Ù‡ÙŠ Ø­Ù„ÙˆÙ‡', '11', 33, 51, '1492281996', 0, 'art');

-- --------------------------------------------------------

--
-- Table structure for table `users`
--

CREATE TABLE `users` (
  `id_u` int(11) NOT NULL,
  `username` varchar(50) NOT NULL,
  `password` varchar(64) NOT NULL,
  `salt_u` varchar(32) NOT NULL,
  `joined_u` datetime NOT NULL,
  `group_u` int(11) NOT NULL,
  `name_u` varchar(100) NOT NULL,
  `lastname_u` varchar(50) NOT NULL,
  `age_u` int(5) NOT NULL,
  `mobile_u` varchar(25) NOT NULL,
  `telphone` varchar(25) NOT NULL,
  `email_u` varchar(50) NOT NULL,
  `lastnews_u` int(5) NOT NULL,
  `option_u` text NOT NULL,
  `act_u` int(11) NOT NULL,
  `image_u` varchar(50) NOT NULL
) ENGINE=InnoDB DEFAULT CHARSET=latin1;

--
-- Dumping data for table `users`
--

INSERT INTO `users` (`id_u`, `username`, `password`, `salt_u`, `joined_u`, `group_u`, `name_u`, `lastname_u`, `age_u`, `mobile_u`, `telphone`, `email_u`, `lastnews_u`, `option_u`, `act_u`, `image_u`) VALUES
(1, 'ahmed', 'd0e80f6b322da4bbeb6143d31ec9c43796de9055524f691049d60eb910681398', 'ä	E08>Ì?Áh—°”eºg?É#O„4vþÞî', '2014-06-22 00:00:00', 1, 'adminsa', 'Ø§Ù„Ø§Ø¯Ø§Ø±Ø©', 0, '', '', 's@saad.com', 0, '', 1, ''),
(5, 'saaad', 'ed30cb14ed84b2ffbb3d8f35ad8154951a71e9c6c366dd2aec50f8c833dc7b38', 'PI\niu®£ˆJ…¸ì“\\kð¡ë+ï?Ãl-§¹³‡h', '2014-06-30 11:00:27', 1, 'saad', 'radwan', 30, '01094760702', '0502150802', 'tigertheblack_2000@yahoo.com', 0, '', 1, ''),
(7, 'asdasd', '123123', 'Ò÷nò¾ÈÕŸß?à³ä#_ö‰à‘ŸæoÛÐïk D<', '2014-06-30 11:14:33', 1, 'asdasd', 'asdASD', 0, '', '', 'sdfs@df.sdf', 0, '', 0, ''),
(8, 'ssss', 'd0e80f6b322da4bbeb6143d31ec9c43796de9055524f691049d60eb910681398', '×dÂøJpb¼º^a=¶w(í5«½%³Úþ@;I', '2014-06-30 11:39:09', 1, 'Ø³Ø¹Ø¯ Ø­Ø§Ø¯ Ø±Ø¶ÙˆØ§Ù†', 'Ù…Ø­Ù…Ø¯', 23, '01111', '', 's@motqen.com', 1, '', 0, ''),
(12, 'saada', '00fc2037647100bb6c6d50f269141a4fa105c53cb7e8e1380e554552d65a71b9', 'Ç[?G»”Ú\'×Ò»ucþâ=mºB$,-§c Ë', '2014-07-08 18:57:31', 1, 'saad', 'radwan', 12, '0548162130', '', 'tigertheblack_20s00@yahoo.com', 0, '', 1, ''),
(30, 'tutovip', '1cebedb85b8652bd36d7ab2c1a87378f66b4d643c8237e42096d6f7e025e3956', 'Òfu›ýL ¯¡l)ÍÝiþ]–¸X	D˜¸Rá', '2017-04-02 16:11:38', 0, 'Turki', 'Alhawil', 28, '966546601651', '', 't_alhawil@hotmail.com', 1, '', 0, ''),
(31, 'Ù…Ù†ØµÙˆØ±', '15460b3671872ebae654ef775321ef95914ef9d7290977c11df3014b317af9e7', '%Ê_ÓRû?0¯±èÕÄHý(æ@¬9|â!Ç,î"&çÒÊ', '2017-04-04 22:33:57', 0, 'Ù…Ù†ØµÙˆØ±', 'Ø§Ù„Ù…Ù†ØªØ´Ø±ÙŠ', 27, '9665515995720551599572', '', 'Saame2011@hotmail.com', 0, '', 0, ''),
(32, 'mr.khaled90', '8f90d9bbf96250594fd04822f9da262a649d24ca850ec6e97838c330c18a89c9', '«–Ñ‹©tÁKPˆÉ>-À&Xî…§s1%‡ž7&', '2017-04-05 15:53:10', 0, 'Ø®Ø§Ù„Ø¯', 'Ø­Ø¯Ø§Ø¯ÙŠ', 25, '9660583224004', '', 'mr.khalid3333@gmail.com', 1, '', 0, ''),
(33, 'yhaddadi', 'd0bb236cfe6994b2148ba65acabe70409f059ee87dbb09a2f2ed9f63b65e6c5e', 'DâmRùo|{¢ëd¡Ñðw;¢?¸Þs7ÊeöQ', '2017-04-10 16:41:32', 0, 'yahya', 'huwail', 33, '966569423346', '', 'yahya.had@gmail.com', 0, '', 0, ''),
(34, 'Abdulaziz', '189b19955fdece1e8a3d7209093cebdf', '\0B’/O5gŸX9cÜ2ŽÍƒ\rHW\ZÒŽgØß`p‹›', '2017-12-16 09:24:16', 0, 'Ø¹Ø¨Ø¯ Ø§Ù„Ø¹Ø²ÙŠØ²', 'Ù†ÙˆØ± Ø§Ù„Ø¯ÙŠÙ†', 1, '9665300000000', '', 'abdalazeze1992@gmail.com', 1, '', 0, ''),
(35, 'admin', '8cc39de59cc464c30752d136bb2565a34ffb3ec557c8d088e749dd1c755e74f7', 'ìÄø¿}NP‰÷©¬Ô°ƒÄ\\–]É¸Vª¦WøÅª_', '2017-12-25 17:59:19', 0, 'Abdulaziz', 'Nour Eddin', 1, '966569423346', '', 'anoureddin@alpha-apps.ae', 1, '', 0, '');

-- --------------------------------------------------------

--
-- Table structure for table `users_cars_favorite`
--

CREATE TABLE `users_cars_favorite` (
  `id_f` int(11) NOT NULL,
  `user_id` int(11) NOT NULL,
  `car_id` int(11) NOT NULL
) ENGINE=MyISAM DEFAULT CHARSET=utf8 COLLATE=utf8_bin;

--
-- Dumping data for table `users_cars_favorite`
--

INSERT INTO `users_cars_favorite` (`id_f`, `user_id`, `car_id`) VALUES
(1, 0, 0),
(2, 35, 50);

-- --------------------------------------------------------

--
-- Table structure for table `users_session`
--

CREATE TABLE `users_session` (
  `id_us` int(11) NOT NULL,
  `user_id` int(11) NOT NULL,
  `hash_us` varchar(64) NOT NULL
) ENGINE=InnoDB DEFAULT CHARSET=latin1;

--
-- Dumping data for table `users_session`
--

INSERT INTO `users_session` (`id_us`, `user_id`, `hash_us`) VALUES
(2, 8, '13ee303faf319ecde50d217d9aa5a2693bd6af6d8f40be9939');

-- --------------------------------------------------------

--
-- Table structure for table `value_option`
--

CREATE TABLE `value_option` (
  `id_v` int(11) NOT NULL,
  `option_id_v` int(11) NOT NULL,
  `value_v` longtext CHARACTER SET utf8 COLLATE utf8_unicode_ci NOT NULL,
  `type_v` varchar(64) DEFAULT NULL
) ENGINE=InnoDB DEFAULT CHARSET=latin1;

--
-- Dumping data for table `value_option`
--

INSERT INTO `value_option` (`id_v`, `option_id_v`, `value_v`, `type_v`) VALUES
(1, 15, '<!--:ar-->أحمر<!--:--><!--:en-->red<!--:-->', ''),
(2, 15, '<!--:ar-->أخضر<!--:--><!--:en-->green<!--:-->', ''),
(3, 15, '<!--:ar-->أزرق<!--:--><!--:en-->blue<!--:-->', ''),
(4, 21, '<!--:ar-->عادي<!--:--><!--:en-->Manual<!--:-->', ''),
(5, 21, '<!--:ar-->اوتوماتك<!--:--><!--:en-->Aotomatk<!--:-->', ''),
(6, 22, '<!--:ar-->ممتازة<!--:--><!--:en-->Excellent<!--:-->', ''),
(7, 22, '<!--:ar-->جيده<!--:--><!--:en-->Good<!--:-->', ''),
(8, 22, '<!--:ar-->متوسطة<!--:--><!--:en-->center<!--:-->', ''),
(9, 22, '<!--:ar-->بحاجة الى صيانة<!--:--><!--:en-->need maintenance<!--:-->', ''),
(10, 23, '<!--:ar-->كوبيه<!--:--><!--:en-->Coupe<!--:-->', ''),
(11, 23, '<!--:ar-->كشف<!--:--><!--:en-->Detection<!--:-->', ''),
(12, 23, '<!--:ar-->دفع رباعي<!--:--><!--:en-->SUV<!--:-->', ''),
(13, 23, '<!--:ar-->سيدان<!--:--><!--:en-->Sedan<!--:-->', ''),
(14, 23, '<!--:ar-->صغيرة<!--:--><!--:en-->Youngster <!--:-->', ''),
(15, 23, '<!--:ar-->فاخرة<!--:--><!--:en-->Luxury<!--:-->', ''),
(16, 29, '<!--:1-->اعلان عادى<!--:-->', '1'),
(17, 29, '<!--:1-->اعلان مميز<!--:-->', '2'),
(18, 29, '<!--:1-->اعلان ذهبى<!--:-->', '3'),
(19, 15, '<!--:ar-->أبيض<!--:--><!--:en-->white<!--:-->', ''),
(20, 15, '<!--:ar-->أسود<!--:--><!--:en-->black<!--:-->', ''),
(21, 15, '<!--:ar-->أصفر<!--:--><!--:en-->yellow<!--:-->', ''),
(22, 31, '<!--:ar-->فل كامل<!--:--><!--:en-->Full option<!--:-->', ''),
(23, 31, '<!--:ar-->نص فل<!--:--><!--:en-->Half option<!--:-->', ''),
(24, 31, '<!--:ar-->ستاندر<!--:--><!--:en-->Standard<!--:-->', ''),
(25, 32, '<!--:ar-->أمامي<!--:--><!--:en-->Front-wheel drive<!--:-->', ''),
(26, 32, '<!--:ar-->خلفي<!--:--><!--:en-->Rear-wheel drive<!--:-->', ''),
(27, 32, '<!--:ar-->رباعي<!--:--><!--:en-->Four-wheel drive<!--:-->', ''),
(34, 36, '<!--:ar--><!--:1-->بنزين<!--:--><!--:en--><!--:1-->gasoline<!--:-->', ''),
(35, 36, '<!--:ar--><!--:1-->ديزل<!--:--><!--:en--><!--:1-->diesel<!--:-->', ''),
(36, 37, '<!--:1-->وكالة<!--:-->', ''),
(37, 37, '<!--:1-->مستورد خليجي<!--:-->', ''),
(38, 37, '<!--:1-->مستورد خارجي<!--:-->', ''),
(41, 40, '<!--:1-->وكالة<!--:-->', ''),
(42, 40, '<!--:1-->مرشوش تجميلي<!--:-->', ''),
(43, 40, '<!--:1-->مرشوش صدمات<!--:-->', ''),
(44, 41, '<!--:1-->ممتازة<!--:-->', ''),
(45, 41, '<!--:1-->جيدة<!--:-->', ''),
(46, 41, '<!--:1-->تحتاج لصيانة<!--:-->', ''),
(57, 45, '<!--:ar--><!--:1-->2<!--:--><!--:en--><!--:1-->2<!--:-->', ''),
(58, 45, '<!--:ar--><!--:1-->4<!--:--><!--:en--><!--:1-->4<!--:-->', ''),
(59, 45, '<!--:ar--><!--:1-->8<!--:--><!--:en--><!--:1-->8<!--:-->', ''),
(60, 46, '<!--:1-->خصوصي<!--:-->', ''),
(61, 46, '<!--:1-->اجرة<!--:-->', ''),
(62, 46, '<!--:1-->نقل<!--:-->', ''),
(63, 15, '<!--:ar-->ذهبي<!--:--><!--:en-->gold<!--:-->', ''),
(64, 15, '<!--:ar-->فضي<!--:--><!--:en-->silver<!--:-->', ''),
(65, 45, '<!--:ar--><!--:1-->12<!--:--><!--:en--><!--:1-->12<!--:-->', NULL),
(66, 15, '<!--:ar-->كحلي<!--:--><!--:en-->dark blue<!--:-->', ''),
(67, 15, '<!--:ar-->رمادي<!--:--><!--:en-->gray<!--:-->', ''),
(68, 15, '<!--:ar-->بني<!--:--><!--:en-->brown<!--:-->', ''),
(69, 15, '<!--:ar-->سكري<!--:--><!--:en-->ivory<!--:-->', ''),
(70, 15, '<!--:ar-->بيج<!--:--><!--:en-->beige<!--:-->', ''),
(71, 20, '<!--:ar-->2018<!--:--><!--:en-->2018<!--:-->', NULL),
(72, 47, '<!--:ar-->دو<!--:--><!--:en-->Do<!--:-->', ''),
(73, 47, '<!--:ar-->اتصالات<!--:--><!--:en-->اتصالات<!--:-->', '');

--
-- Indexes for dumped tables
--

--
-- Indexes for table `access`
--
ALTER TABLE `access`
  ADD PRIMARY KEY (`id_a`);

--
-- Indexes for table `cars`
--
ALTER TABLE `cars`
  ADD PRIMARY KEY (`id_c`);

--
-- Indexes for table `cars_meta`
--
ALTER TABLE `cars_meta`
  ADD PRIMARY KEY (`id_m`);

--
-- Indexes for table `cars_type`
--
ALTER TABLE `cars_type`
  ADD PRIMARY KEY (`id_t`);

--
-- Indexes for table `category`
--
ALTER TABLE `category`
  ADD PRIMARY KEY (`id_ss`);

--
-- Indexes for table `category_list`
--
ALTER TABLE `category_list`
  ADD PRIMARY KEY (`id_cl`);

--
-- Indexes for table `chat`
--
ALTER TABLE `chat`
  ADD PRIMARY KEY (`id`);

--
-- Indexes for table `city`
--
ALTER TABLE `city`
  ADD PRIMARY KEY (`id_c`);

--
-- Indexes for table `code_active`
--
ALTER TABLE `code_active`
  ADD PRIMARY KEY (`id_a`),
  ADD KEY `id_a` (`id_a`);

--
-- Indexes for table `comments`
--
ALTER TABLE `comments`
  ADD PRIMARY KEY (`id_com`);

--
-- Indexes for table `groups`
--
ALTER TABLE `groups`
  ADD PRIMARY KEY (`id_g`);

--
-- Indexes for table `mazad`
--
ALTER TABLE `mazad`
  ADD PRIMARY KEY (`mazad_id`);

--
-- Indexes for table `old_chat`
--
ALTER TABLE `old_chat`
  ADD PRIMARY KEY (`id_chat`);

--
-- Indexes for table `option_car`
--
ALTER TABLE `option_car`
  ADD PRIMARY KEY (`id_o`);

--
-- Indexes for table `option_system`
--
ALTER TABLE `option_system`
  ADD PRIMARY KEY (`id_sys`);

--
-- Indexes for table `order_cars`
--
ALTER TABLE `order_cars`
  ADD PRIMARY KEY (`id`);

--
-- Indexes for table `pages`
--
ALTER TABLE `pages`
  ADD PRIMARY KEY (`id_p`);

--
-- Indexes for table `permis`
--
ALTER TABLE `permis`
  ADD PRIMARY KEY (`id_m`);

--
-- Indexes for table `shows`
--
ALTER TABLE `shows`
  ADD PRIMARY KEY (`id_s`);

--
-- Indexes for table `spam_system`
--
ALTER TABLE `spam_system`
  ADD PRIMARY KEY (`id_ss`);

--
-- Indexes for table `users`
--
ALTER TABLE `users`
  ADD PRIMARY KEY (`id_u`);

--
-- Indexes for table `users_cars_favorite`
--
ALTER TABLE `users_cars_favorite`
  ADD PRIMARY KEY (`id_f`);

--
-- Indexes for table `users_session`
--
ALTER TABLE `users_session`
  ADD PRIMARY KEY (`id_us`);

--
-- Indexes for table `value_option`
--
ALTER TABLE `value_option`
  ADD PRIMARY KEY (`id_v`);

--
-- AUTO_INCREMENT for dumped tables
--

--
-- AUTO_INCREMENT for table `access`
--
ALTER TABLE `access`
  MODIFY `id_a` int(11) NOT NULL AUTO_INCREMENT, AUTO_INCREMENT=6;
--
-- AUTO_INCREMENT for table `cars`
--
ALTER TABLE `cars`
  MODIFY `id_c` int(11) NOT NULL AUTO_INCREMENT, AUTO_INCREMENT=59;
--
-- AUTO_INCREMENT for table `cars_meta`
--
ALTER TABLE `cars_meta`
  MODIFY `id_m` int(11) NOT NULL AUTO_INCREMENT, AUTO_INCREMENT=625;
--
-- AUTO_INCREMENT for table `cars_type`
--
ALTER TABLE `cars_type`
  MODIFY `id_t` int(11) NOT NULL AUTO_INCREMENT, AUTO_INCREMENT=474;
--
-- AUTO_INCREMENT for table `category`
--
ALTER TABLE `category`
  MODIFY `id_ss` int(11) NOT NULL AUTO_INCREMENT, AUTO_INCREMENT=5;
--
-- AUTO_INCREMENT for table `category_list`
--
ALTER TABLE `category_list`
  MODIFY `id_cl` int(11) NOT NULL AUTO_INCREMENT, AUTO_INCREMENT=75;
--
-- AUTO_INCREMENT for table `chat`
--
ALTER TABLE `chat`
  MODIFY `id` int(10) UNSIGNED NOT NULL AUTO_INCREMENT, AUTO_INCREMENT=13;
--
-- AUTO_INCREMENT for table `city`
--
ALTER TABLE `city`
  MODIFY `id_c` int(11) NOT NULL AUTO_INCREMENT, AUTO_INCREMENT=104;
--
-- AUTO_INCREMENT for table `code_active`
--
ALTER TABLE `code_active`
  MODIFY `id_a` int(11) NOT NULL AUTO_INCREMENT, AUTO_INCREMENT=20;
--
-- AUTO_INCREMENT for table `comments`
--
ALTER TABLE `comments`
  MODIFY `id_com` int(11) NOT NULL AUTO_INCREMENT, AUTO_INCREMENT=15;
--
-- AUTO_INCREMENT for table `groups`
--
ALTER TABLE `groups`
  MODIFY `id_g` int(11) NOT NULL AUTO_INCREMENT, AUTO_INCREMENT=3;
--
-- AUTO_INCREMENT for table `mazad`
--
ALTER TABLE `mazad`
  MODIFY `mazad_id` int(11) NOT NULL AUTO_INCREMENT, AUTO_INCREMENT=41;
--
-- AUTO_INCREMENT for table `old_chat`
--
ALTER TABLE `old_chat`
  MODIFY `id_chat` int(11) NOT NULL AUTO_INCREMENT, AUTO_INCREMENT=140;
--
-- AUTO_INCREMENT for table `option_car`
--
ALTER TABLE `option_car`
  MODIFY `id_o` int(11) NOT NULL AUTO_INCREMENT, AUTO_INCREMENT=49;
--
-- AUTO_INCREMENT for table `option_system`
--
ALTER TABLE `option_system`
  MODIFY `id_sys` int(11) NOT NULL AUTO_INCREMENT, AUTO_INCREMENT=69;
--
-- AUTO_INCREMENT for table `order_cars`
--
ALTER TABLE `order_cars`
  MODIFY `id` int(11) NOT NULL AUTO_INCREMENT, AUTO_INCREMENT=8;
--
-- AUTO_INCREMENT for table `pages`
--
ALTER TABLE `pages`
  MODIFY `id_p` int(11) NOT NULL AUTO_INCREMENT, AUTO_INCREMENT=11;
--
-- AUTO_INCREMENT for table `permis`
--
ALTER TABLE `permis`
  MODIFY `id_m` int(11) NOT NULL AUTO_INCREMENT, AUTO_INCREMENT=4;
--
-- AUTO_INCREMENT for table `shows`
--
ALTER TABLE `shows`
  MODIFY `id_s` int(11) NOT NULL AUTO_INCREMENT, AUTO_INCREMENT=8;
--
-- AUTO_INCREMENT for table `spam_system`
--
ALTER TABLE `spam_system`
  MODIFY `id_ss` int(11) NOT NULL AUTO_INCREMENT, AUTO_INCREMENT=12;
--
-- AUTO_INCREMENT for table `users`
--
ALTER TABLE `users`
  MODIFY `id_u` int(11) NOT NULL AUTO_INCREMENT, AUTO_INCREMENT=36;
--
-- AUTO_INCREMENT for table `users_cars_favorite`
--
ALTER TABLE `users_cars_favorite`
  MODIFY `id_f` int(11) NOT NULL AUTO_INCREMENT, AUTO_INCREMENT=3;
--
-- AUTO_INCREMENT for table `users_session`
--
ALTER TABLE `users_session`
  MODIFY `id_us` int(11) NOT NULL AUTO_INCREMENT, AUTO_INCREMENT=3;
--
-- AUTO_INCREMENT for table `value_option`
--
ALTER TABLE `value_option`
  MODIFY `id_v` int(11) NOT NULL AUTO_INCREMENT, AUTO_INCREMENT=74;
/*!40101 SET CHARACTER_SET_CLIENT=@OLD_CHARACTER_SET_CLIENT */;
/*!40101 SET CHARACTER_SET_RESULTS=@OLD_CHARACTER_SET_RESULTS */;
/*!40101 SET COLLATION_CONNECTION=@OLD_COLLATION_CONNECTION */;
